序号,上级评论ID,评论ID,用户ID,用户名,用户等级,性别,评论内容,评论时间,回复数,点赞数,个性签名,IP属地,是否是大会员,头像
1,0,295404685120,1882954643,不会取名的大包子,6,男,虽然我不会买苹果的东西，但我确实想去苹果上班，外企是真把人当人,2026-03-13 23:52:43,35,557,这个用户很懒，什么都没有留下,河北,是,https://i2.hdslb.com/bfs/face/021a39560ce350f36a1c229b76fb76f17d63da7b.jpg
2,292991594833,295411440688,1882954643,不会取名的大包子,6,男,回复 @愛松下Panasonic :总结真就是哪都比本地好了，日企属于符合刻板印象了,2026-03-14 01:36:35,0,38,这个用户很懒，什么都没有留下,河北,是,https://i2.hdslb.com/bfs/face/021a39560ce350f36a1c229b76fb76f17d63da7b.jpg
3,293071951777,295496687568,1882954643,不会取名的大包子,6,男,回复 @在这个学校所有的食堂 :看到你这句话我是真绷不住了，太对了,2026-03-14 15:05:58,0,23,这个用户很懒，什么都没有留下,河北,是,https://i2.hdslb.com/bfs/face/021a39560ce350f36a1c229b76fb76f17d63da7b.jpg
4,295404685120,293090176001,91454468,横跨三国,6,保密,可惜现在外企岗位少,2026-03-14 18:30:05,0,6,,广东,否,https://i2.hdslb.com/bfs/face/6acf7bc14516eed4bddb5a1f81fd413f2df7a367.jpg
5,295404685120,295530666336,408642943,开心小哈巴,6,男,国内也就生活类的国企好，像电力水利什么的，但很难进，大厂工资高但是加班也狠,2026-03-15 01:52:03,0,11,爱小檀,江苏,是,https://i1.hdslb.com/bfs/face/3f5c6c0f5775584fa632723af094b599afdff9d4.webp
6,295404685120,295531083712,408642943,开心小哈巴,6,男,外企在国内通常会比在本国要轻巧不少，我有亲戚在美国上班，该熬夜加班还是得干，所以我觉得可以进国内大企业走海外，要不就是进国内外企,2026-03-15 01:57:15,0,224,爱小檀,江苏,是,https://i1.hdslb.com/bfs/face/3f5c6c0f5775584fa632723af094b599afdff9d4.webp
7,295531083712,295532048704,1882954643,不会取名的大包子,6,男,回复 @开心小哈巴 :非常同意,2026-03-15 02:08:25,0,1,这个用户很懒，什么都没有留下,河北,是,https://i2.hdslb.com/bfs/face/021a39560ce350f36a1c229b76fb76f17d63da7b.jpg
8,295411440688,293191167569,426326450,还是积极性太高了,6,保密,回复 @不会取名的大包子 :就我在松下空调打了两年螺丝的经验而言 日企就很像一些国企 墨守成规一成不变,2026-03-15 16:32:57,0,13,无,广东,否,https://i2.hdslb.com/bfs/face/9a75632d9f20bde100d19e16294812949fd170cd.jpg
9,293191167569,295622892176,1882954643,不会取名的大包子,6,男,回复 @还是积极性太高了 :排除日企，日企也属于是符合刻板印象了,2026-03-15 16:34:36,0,11,这个用户很懒，什么都没有留下,河北,是,https://i2.hdslb.com/bfs/face/021a39560ce350f36a1c229b76fb76f17d63da7b.jpg
10,295411440688,295649142080,220404201,Fareyewell,6,保密,回复 @不会取名的大包子 :毕竟社畜起源地嘛[笑哭],2026-03-16 03:10:39,0,13,,广东,是,https://i0.hdslb.com/bfs/face/3308dbac3f78e7d9cf439cea7bd4aebdd54b5829.jpg
11,293191167569,293274754465,407326681,田中雫,6,保密,回复 @还是积极性太高了 :我之前在索尼干，后面跳槽进了一家美企才发现索尼待遇实在太拉了[花丸晴琉_无语],2026-03-16 15:04:06,0,11,前漢化組漫画嵌字と搬運工~教主激推人，喜欢旅游！,上海,是,https://i1.hdslb.com/bfs/face/e63eb07b12f0ac7a6547f6d8f236aedd419aab57.jpg
12,295404685120,295724088864,3493088922175618,Qwezry,5,保密,所以外企肯定不会把人骗到国外再开除吧？,2026-03-16 16:31:28,0,6,,河北,是,https://i1.hdslb.com/bfs/face/a028943b179a905ce43336e3d497b1d34d7b30b7.jpg
13,295724088864,295729938720,1882954643,不会取名的大包子,6,男,回复 @Qwezry :说得好像国内不骗你自愿离职不给补偿一样,2026-03-16 18:10:34,0,6,这个用户很懒，什么都没有留下,河北,是,https://i2.hdslb.com/bfs/face/021a39560ce350f36a1c229b76fb76f17d63da7b.jpg
14,293071951777,295820787504,43723039,flornmina,6,男,回复 @在这个学校所有的食堂 :五千年奴隶制没资本两百年害死的人多[笑哭],2026-03-17 15:37:57,0,0,。,湖北,是,https://i1.hdslb.com/bfs/face/8fd23382dda886ba1cd09eca4d0d03021aecf304.jpg
15,295820787504,293382747233,1614317079,嘘嘘wan,5,保密,回复 @flornmina :你真统计过吗？,2026-03-17 18:42:04,0,2,,广东,否,https://i0.hdslb.com/bfs/face/7e72c58637ff26df68fb30939de078d2bbbfcdbe.jpg
16,295404685120,295836024832,98842245,字节符,6,保密,外企的特点就是少招长用 能不当人吗[笑哭],2026-03-17 21:12:20,0,0,复制粘贴是一种艺术,广东,否,https://i0.hdslb.com/bfs/face/9eba9b91673a0822868316b2cea90bca241902e7.jpg
17,295404685120,293395891921,3546378219293257,Alloa,4,保密,你可以去华为，反正事苹果对手，想必待遇肯定不差啊,2026-03-18 02:01:20,0,3,一道通时定冬季,广东,否,https://i1.hdslb.com/bfs/face/738901dc0006c6874d3699564ea79b1882ed94e1.jpg
18,293395891921,295854193408,1882954643,不会取名的大包子,6,男,回复 @Alloa :说实话，如果话题到了华为身上，那我不发表任何观点,2026-03-18 03:24:27,0,1,这个用户很懒，什么都没有留下,河北,是,https://i2.hdslb.com/bfs/face/021a39560ce350f36a1c229b76fb76f17d63da7b.jpg
19,295729938720,295864381888,3493088922175618,Qwezry,5,保密,回复 @不会取名的大包子 : 所以还那样吗？所以你是认为资本家有良心吗？,2026-03-18 05:10:04,0,0,,河北,是,https://i1.hdslb.com/bfs/face/a028943b179a905ce43336e3d497b1d34d7b30b7.jpg
20,295729938720,295864480592,3493088922175618,Qwezry,5,保密,回复 @不会取名的大包子 : 还有你是认为资本家有良心吗？,2026-03-18 05:10:13,0,0,,河北,是,https://i1.hdslb.com/bfs/face/a028943b179a905ce43336e3d497b1d34d7b30b7.jpg
21,295404685120,293454301313,3546590272817281,今宵久醒,5,男,那你为什么没去？苹果的对员工的要求很高吗？为什么不放低对岗位的要求？[思考],2026-03-18 14:02:40,0,1,新年快乐，元宵快乐，祝你每天都快乐ヾ(･ω･。),湖北,否,https://i1.hdslb.com/bfs/face/ab6fca155e7392deb1eb301b2a7e6b0f89669f54.jpg
22,293454301313,295937987136,1882954643,不会取名的大包子,6,男,回复 @今宵久醒 :岗位少，苹果招人少，并且招进去了就很少换人,2026-03-18 21:06:28,0,0,这个用户很懒，什么都没有留下,河北,是,https://i2.hdslb.com/bfs/face/021a39560ce350f36a1c229b76fb76f17d63da7b.jpg
23,295404685120,295973625088,1685160616,PLLLLLLLLLLLUTO,5,保密,你说得对，但是后者和前者相比不是一个难度,2026-03-19 06:44:05,0,0,有缘再见,江苏,是,https://i1.hdslb.com/bfs/face/a9abe9b5e40fed3cc95f5eba48783faf96c01e09.jpg
24,295404685120,296001858304,173820846,YukinoshitaFF,6,保密,外企一个是吃学历，第二个吃风口，现在制造业外企待遇早就没有以前吃香了,2026-03-19 12:13:50,0,1,,安徽,是,https://i0.hdslb.com/bfs/face/ce3af005124742289916464d7eec5b1f3ac85db1.jpg
25,296001858304,296024751040,1882954643,不会取名的大包子,6,男,回复 @YukinoshitaFF :没以前吃香，但比国内像人,2026-03-19 16:01:25,0,2,这个用户很懒，什么都没有留下,河北,是,https://i2.hdslb.com/bfs/face/021a39560ce350f36a1c229b76fb76f17d63da7b.jpg
26,295404685120,296219954368,323635839,仿生人不会涮电子羊,6,保密,还不是因为对外企管的更严所以外企更遵守相关法律，待遇也就更好,2026-03-21 12:31:57,0,0,(｡･ω･｡)ﾉ ok,辽宁,否,https://i0.hdslb.com/bfs/face/def8dd65bcd6b759784e7f963d45bc732bc8adb6.jpg
27,296219954368,296221762896,1882954643,不会取名的大包子,6,男,回复 @仿生人不会涮电子羊 :对啊，但原因并不重要，结果就是外企待遇普遍比国企好,2026-03-21 12:46:35,0,0,这个用户很懒，什么都没有留下,河北,是,https://i2.hdslb.com/bfs/face/021a39560ce350f36a1c229b76fb76f17d63da7b.jpg
28,295404685120,293810606417,3461579462936872,英国大龙虾,5,保密,外企在他们本土可能比996都凶，比如OpenAI的工程师，可以看看whynottv,2026-03-22 04:49:17,0,0,,浙江,否,https://i1.hdslb.com/bfs/face/5f56b604dd7b50d29ef104a9e58db51c1e091ee3.jpg
29,293810606417,296295041808,1882954643,不会取名的大包子,6,男,回复 @英国大龙虾 :但问题是咱们也不去国外啊，国内就是外企待遇更好,2026-03-22 04:55:05,0,0,这个用户很懒，什么都没有留下,河北,是,https://i2.hdslb.com/bfs/face/021a39560ce350f36a1c229b76fb76f17d63da7b.jpg
30,293191167569,293865858161,1653186158,取名字真难ccccccc,5,保密,回复 @还是积极性太高了 :你才社畜这个词从哪个国家传来的？上个世纪90年代这个词就在日本出现了[笑哭],2026-03-22 14:10:58,0,1,,河南,是,https://i2.hdslb.com/bfs/face/e722473c910353885871c2fd11744fd858a0b4ba.jpg
31,293865858161,293866857025,426326450,还是积极性太高了,6,保密,回复 @取名字真难ccccccc : 但确实比现在的中国电子厂强了很多,2026-03-22 14:21:56,0,0,无,广东,否,https://i2.hdslb.com/bfs/face/9a75632d9f20bde100d19e16294812949fd170cd.jpg
32,293865858161,296454685392,670323301,林可南子,5,保密,回复 @取名字真难ccccccc :日本就是猝死率太高现在整治了，鼓励大家不加班回家造娃，中国以后应该也会整治的，但国情还是有差异，日本劳动力稀缺,2026-03-23 14:02:37,0,0,,广东,否,https://i1.hdslb.com/bfs/face/6f3e95cd762c6f109325365239fc81d95d2f4f21.jpg
33,295531083712,294007551953,3706929402611794,电力电子曼波,2,男,回复 @开心小哈巴 :因为薪资不高，外企在海外的都是不核心的东西，主要是业务方面而不是技术方面。在他们本国技术方面的工作就要累了，但薪资高。,2026-03-24 05:04:39,0,0,一只分享电力电子技术的曼波。,安徽,否,https://i1.hdslb.com/bfs/face/420996b5e9844f7f70dc80bc5ba3fc2838af6b9b.jpg
34,295404685120,296518219072,1423528507,会叠Q的二哈,5,保密,中国的外企是这样的，你去海外你会发现人家不比国内轻松。我遇见过一周上5天每周六居家办公的。你问不还是有周日么？周日要做礼拜的哥们。,2026-03-24 07:28:07,0,1,,江苏,否,https://i1.hdslb.com/bfs/face/bb20b2fab5db961c34bd7954fdb0a6b643e20472.jpg
35,296518219072,296525902736,1882954643,不会取名的大包子,6,男,回复 @会叠Q的二哈 :反正讨论范围也只是国内嘛，我也不太可能跑到国外去上班,2026-03-24 09:09:54,0,0,这个用户很懒，什么都没有留下,河北,是,https://i2.hdslb.com/bfs/face/021a39560ce350f36a1c229b76fb76f17d63da7b.jpg
36,295729938720,294215482401,677557291,bili_677557291,5,保密,回复 @不会取名的大包子 :外企一定得不是本地的[滑稽],2026-03-26 08:32:25,0,0,,江苏,否,https://i1.hdslb.com/bfs/face/70b5ac51587f0afd38122bc3a495c485301203ba.jpg
37,0,293243585937,309938889,落日蓝,6,保密,咋找到实习的啊，我投了一堆外企是一个都不回我，我就一个普通一本难道连实习都这么卷吗,2026-03-16 09:38:59,16,120,,山西,否,https://i0.hdslb.com/bfs/face/43fbd9268cd24c0be6c866095ab65de098a17770.jpg
38,293243585937,293247126737,7192492,闪电丶教主,6,男,实习现在也卷。大厂也只看学历啥的。,2026-03-16 10:17:39,0,65,,湖南,否,https://i1.hdslb.com/bfs/face/7e488977d15c00a8fad1b9c8a363448f63bb167b.jpg
39,293243585937,293274782033,407326681,田中雫,6,保密,你光一个一本没用，要看你有什么证书的[花丸晴琉_对不起],2026-03-16 15:04:59,0,27,前漢化組漫画嵌字と搬運工~教主激推人，喜欢旅游！,上海,是,https://i1.hdslb.com/bfs/face/e63eb07b12f0ac7a6547f6d8f236aedd419aab57.jpg
40,293243585937,295717849008,481080224,jaaaason-,6,保密,up是上交的（），如果是普通一本建议可以认真准备打打你专业相关的真正有含金量的比赛（电赛，数学建模，CTF，数竞之类的）。如果你愿意费时间，现在有AI，还有那么多资源，不一定比985的学生搞得差）有竞赛成绩打底优势会大很多,2026-03-16 15:23:28,0,222,,广东,是,https://i2.hdslb.com/bfs/face/dbb426f4d7af337521ecc3d8423c254f0d091315.jpg
41,293243585937,295791382848,44638617,清梦共长天,6,保密,单只有一本的话，视频里的这些基本无缘。到boss上找一些小点的公司看看吧,2026-03-17 11:01:45,0,31,,江苏,否,https://i0.hdslb.com/bfs/face/59be77e55911edf3d9fcbb0adc405f93ca640a16.jpg
42,293274782033,293365665265,40625197,蝴蝶之梦丶,6,男,回复 @田中雫 :对cs来说证书不是毛用没有，太看垂直领域的造化了,2026-03-17 14:41:33,0,3,むかしむかしのきょうのぼく,上海,是,https://i1.hdslb.com/bfs/face/c2ea9a0dbe30360ebb056441eb86717e9eac9123.jpg
43,293243585937,295982635232,1976617808,aidndmkeis,5,男,技术栈不对口呗，而且你普通一本确实没啥竞争力[笑哭],2026-03-19 08:49:05,0,22,,江苏,否,https://i2.hdslb.com/bfs/face/3b511061053ad341b8d608e3e60235b3faa9fc5e.jpg
44,293243585937,295988014576,44754443,日婆发专啊啊啊,6,保密,不然呢,2026-03-19 09:52:17,0,7,如果你一定要犯贱，我只能说lj游戏or人别来碰瓷，被你提到我都觉得掉价,越南,否,https://i2.hdslb.com/bfs/face/2ef54d1053a071f7ed591a6d52e865472bf0ea54.jpg
45,293243585937,296024656016,268889401,好名字全被狗占了吧,6,男,想啥呢，外企普遍卡9，上面那些更是卡c9,2026-03-19 15:59:10,0,28,没话说,陕西,否,https://i1.hdslb.com/bfs/face/4e30c00a1c1172692b2a0dad4678c528d2984819.jpg
46,293243585937,293701618465,37733054,-奥卡姆剃刀,6,保密,你多大了 就业市场什么环境一点都不知道吗,2026-03-21 05:40:31,0,14,青山一道同云雨，明月何曾是两乡,上海,是,https://i2.hdslb.com/bfs/face/05309446d437b743cd35a6e6cf83f7cae18ac6a9.jpg
47,293243585937,296219542432,285803237,穗霁映虹,6,男,别一本了，92没项目实习也是被刷的份,2026-03-21 12:28:22,0,12,,江苏,否,https://i2.hdslb.com/bfs/face/1b78e16e342ce4649c64e3c6d1132b1e2867ea15.jpg
48,293243585937,296242788480,474396214,_零雾,5,保密,想找实习尤其是大厂实习 前提是你有实习经历 这就是很无语的一个地方,2026-03-21 15:38:30,0,6,,山西,否,https://i1.hdslb.com/bfs/face/ad9fea7b301ced506dc06feb03077b5b0c0d0aa4.jpg
49,293243585937,296294670400,1628438,晚星Ryo,6,保密,[笑哭]你最后一句不是已经说明原因了吗,2026-03-22 04:52:04,0,7,夜夜喵歌~,福建,是,https://i2.hdslb.com/bfs/face/8396519965c30121add77a1fd08a0f29d0026c0b.jpg
50,293243585937,293811798625,3546730251422062,ThermopylaeY,3,保密,你这个学历毫无竞争力呀,2026-03-22 05:00:09,0,3,,福建,否,https://i1.hdslb.com/bfs/face/1c88b1e6ec6f12cf9f33161c11f18077aaae012c.jpg
51,293243585937,293849180145,4754166,Cosecant233,6,男,外企连985本都不怎么鸟，211以上的硕才看一看,2026-03-22 11:27:16,0,4,人类的痛苦，本质上是对自己无能的愤怒。,广东,否,https://i0.hdslb.com/bfs/face/256444fdf072d804fd2ec96230eb999b319142c0.jpg
52,293243585937,296702365984,4975504,沙月さん,6,男,学历，经历至少要一个，还有一点机会。但是外边一堆是两个都有的，拿头比[笑哭]。能进国内大厂实习就已经很好了。,2026-03-26 03:04:03,0,0,学业与工作关系视频制作退坑，视频因音乐版权问题已经全部下架,广东,是,https://i1.hdslb.com/bfs/face/69ac443cd70163e4c37706fe76efe8cf9489e827.jpg
53,293243585937,296716523024,285684927,叶徽_,6,男,你这不是废话吗，就是卷，普通一本没比赛就是没用,2026-03-26 05:36:56,0,0,,宁夏,否,http://i1.hdslb.com/bfs/face/8aed0827c5e8e7916eeb3b3d5cc7e2525bb823fc.jpg
54,0,296686786928,411020833,涵清欢大师,6,男,"每次走内地的实习计划都是没工资的，交5500保证金，你早退一天还得扣500，当年大一找不到实习就去报了这些内地实习计划，当时投了腾讯中银东亚中国银河证券和湘财，最后去了中国银河，每天只有几十块钱的饭补。干了50天回香港才拿到5500退回的保证金。虽然说给你提供酒店住宿跟来回机票，但感觉还是太坑了，我朋友去腾讯和美团的连补贴都没。
我今年直接能报JPMorgan跟汇丰跟花旗的了，再不济去富途证券。打死不报这个内地实习计划，一个叫祖苗计划另一个是政府的民青局内地实习计划，坑的要死。",2026-03-25 21:32:18,0,5,。。。,中国香港,是,https://i1.hdslb.com/bfs/face/b5c67af1666e0870fb18a5945c915d7137bc8b12.jpg
55,0,292064017793,424134584,沁凉的夜,5,保密,可以问下up是本科还是研究生吗？我现在大三下还没有实习，然后最近一直在想是先找个实习还是直接考研，而且我是末9，唉[大哭][大哭],2026-03-04 08:51:00,39,116,悟已往之不谏，知来者之可追。实迷途其未远，觉今是而昨非。,陕西,否,https://i2.hdslb.com/bfs/face/a1606f514363be8ace760adf29bc36067b7821b8.jpg
56,292064017793,294521811664,523054837,青羽微伤,6,男,你技术怎么样啊 技术好直接冲秋招 技术不好上研究生缓冲,2026-03-05 09:31:51,0,40,do whatever you want,天津,否,https://i1.hdslb.com/bfs/face/7563ba1e6c99e0e9cd930f008f3bbd29f749cd89.jpg
57,294521811664,292163175873,424134584,沁凉的夜,5,保密,回复 @青羽微伤 :技术不太好的，就是按部就班的学的，我院课程设置很多都是背书课实验大多儿戏，所以真不太行，主要没做过啥项目，leetcode这些也是刷的不多，基本就是一个完蛋的状态，所以在想要不要考个研延迟就业，但是又怕最后下岸错过秋招，直接一个人生大寄特寄,2026-03-05 09:43:20,0,30,悟已往之不谏，知来者之可追。实迷途其未远，觉今是而昨非。,陕西,否,https://i2.hdslb.com/bfs/face/a1606f514363be8ace760adf29bc36067b7821b8.jpg
58,292163175873,294522980960,523054837,青羽微伤,6,男,回复 @沁凉的夜 :要不然你就冲考研 要不就申请个一年硕提升技术 刚好9本也够过简历关了,2026-03-05 09:44:32,0,12,do whatever you want,天津,否,https://i1.hdslb.com/bfs/face/7563ba1e6c99e0e9cd930f008f3bbd29f749cd89.jpg
59,294522980960,292164425473,424134584,沁凉的夜,5,保密,回复 @青羽微伤 :一年硕士是那种国外或者香港的吗？我家庭条件可能不太支持[大哭][大哭],2026-03-05 09:56:55,0,3,悟已往之不谏，知来者之可追。实迷途其未远，觉今是而昨非。,陕西,否,https://i2.hdslb.com/bfs/face/a1606f514363be8ace760adf29bc36067b7821b8.jpg
60,292164425473,294571786848,85749545,fickmfg,6,保密,回复 @沁凉的夜 :香港新加坡最便宜性价比最高，但是今年msc费用猛涨，hku工科光学费也得375000hkd，ust和cuhk还有新二两所能便宜些。你要是末9计算机均分有个85+，实习和科研都不拖后腿的情况下把语言考出来能申个不错的项目。,2026-03-05 19:00:30,0,14,,山东,是,https://i2.hdslb.com/bfs/face/d5cd3ece8b26f3687d74bece612f7e1ec5fe50d9.jpg
61,292164425473,294571873792,85749545,fickmfg,6,保密,回复 @沁凉的夜 :再或者考研也行，还是得读个不低于本科档次的硕，起码简历关都稳稳过定薪也高些，找到工作后慢慢刷经验和履历就好些。,2026-03-05 19:04:05,0,1,,山东,是,https://i2.hdslb.com/bfs/face/d5cd3ece8b26f3687d74bece612f7e1ec5fe50d9.jpg
62,294571786848,292209844161,424134584,沁凉的夜,5,保密,回复 @fickmfg :均分有88但是绩点和排名都不算高，现在没给前五学期的排名感觉大概是30%到45%左右，主要真的是穷逼，其实港硕和出国从来不在考虑范围内[笑哭][笑哭],2026-03-05 19:08:24,0,1,悟已往之不谏，知来者之可追。实迷途其未远，觉今是而昨非。,陕西,否,https://i2.hdslb.com/bfs/face/a1606f514363be8ace760adf29bc36067b7821b8.jpg
63,294571873792,292209890145,424134584,沁凉的夜,5,保密,回复 @fickmfg :是有点想这样的，感觉技术力和钱都不够的情况下还是考个研比较稳妥。只是再往上考感觉就是c9华五这些，但是好热啊被今年分数狠狠吓退[大哭][大哭]很担心万一考不上咋办，但是综合下来感觉最后还是会走这条路的。,2026-03-05 19:14:09,0,1,悟已往之不谏，知来者之可追。实迷途其未远，觉今是而昨非。,陕西,否,https://i2.hdslb.com/bfs/face/a1606f514363be8ace760adf29bc36067b7821b8.jpg
64,292209890145,294572331552,85749545,fickmfg,6,保密,回复 @沁凉的夜 :保不上就考吧，考不上再次也是个985，实习还是会有人要的。考上后套瓷个宽松的导师方便你刷实习，别被邪恶老头抓去疯狂压榨做横向爆金币浪费时间。其实有个985本容错率已经很高了。,2026-03-05 19:18:47,0,18,,山东,是,https://i2.hdslb.com/bfs/face/d5cd3ece8b26f3687d74bece612f7e1ec5fe50d9.jpg
65,294572331552,292210201249,424134584,沁凉的夜,5,保密,回复 @fickmfg :嗯，谢谢，希望能有个好去处吧[难过][难过],2026-03-05 19:25:57,0,0,悟已往之不谏，知来者之可追。实迷途其未远，觉今是而昨非。,陕西,否,https://i2.hdslb.com/bfs/face/a1606f514363be8ace760adf29bc36067b7821b8.jpg
66,292164425473,294791050368,111931246,--Devin--,6,保密,别听他的一年硕等于玩一年家里没钱不要去了，没提升的,2026-03-07 17:07:03,0,11,,中国香港,否,https://i1.hdslb.com/bfs/face/3905169012e6b385bc999187fd67194fd73b3430.jpg
67,294791050368,292442031393,424134584,沁凉的夜,5,保密,回复 @--Devin-- :好的，其实这个也不在计划内的[笑哭][笑哭],2026-03-08 03:21:49,0,0,悟已往之不谏，知来者之可追。实迷途其未远，觉今是而昨非。,陕西,否,https://i2.hdslb.com/bfs/face/a1606f514363be8ace760adf29bc36067b7821b8.jpg
68,292064017793,292553021329,1302511965,影子军主,5,男,会不会用ai,2026-03-09 05:19:53,0,0,,广东,是,https://i0.hdslb.com/bfs/face/ca51584dbfc8e90b9cb65b4ab7fe61f1a9f51408.jpg
69,292442031393,292553106385,1302511965,影子军主,5,男,回复 @沁凉的夜 : 不要考研，计算机宁愿工作也不要考研，大不了你去报培训班,2026-03-09 05:20:50,0,3,,广东,是,https://i0.hdslb.com/bfs/face/ca51584dbfc8e90b9cb65b4ab7fe61f1a9f51408.jpg
70,292553106385,292554075105,424134584,沁凉的夜,5,保密,回复 @影子军主 :开始刷题看看能不能整个暑假实习，也是想去实习看看的，没法子了就去考研。只怕到最后哪条路都没让我走通直接快进到人生毁于一旦[笑哭],2026-03-09 05:34:32,0,0,悟已往之不谏，知来者之可追。实迷途其未远，觉今是而昨非。,陕西,否,https://i2.hdslb.com/bfs/face/a1606f514363be8ace760adf29bc36067b7821b8.jpg
71,292210201249,295029064800,433334326,Tamaneko_,6,女,回复 @沁凉的夜 : 港三除了hku，30w应该能读下来，cs专业的话用30w买两年时间还是很值的，不过计算机挺卷的，具体bar有多高我不太了解，末9均分88我认为值得一试[魔女的夜宴表情包_倒茶],2026-03-10 04:13:10,0,0,我柯某只想过平静的生活,陕西,否,https://i1.hdslb.com/bfs/face/d4faed881a35a9edbeef2ac3460be432a60a5e9e.jpg
72,292554075105,292767926129,1495699373,MoriuAyako,5,保密,回复 @沁凉的夜 : 刷题还是别了吧,2026-03-11 12:54:40,0,0,徜徉于漫天纷落的细雨中，纤凝作倒悬于碧落的芥舟,北京,否,https://i2.hdslb.com/bfs/face/199acb98f7857954a407f592736dae590c37bd4f.jpg
73,292767926129,292768868497,424134584,沁凉的夜,5,保密,回复 @MoriuAyako : 为啥涅？我感觉无论是面试还是考研复试刷题都是一个必须的步骤啊[思考],2026-03-11 13:06:15,0,0,悟已往之不谏，知来者之可追。实迷途其未远，觉今是而昨非。,陕西,否,https://i2.hdslb.com/bfs/face/a1606f514363be8ace760adf29bc36067b7821b8.jpg
74,292553106385,292784096321,486382896,Fleur-DeLys,6,保密,回复 @影子军主 :985本报培训班属实有点暴殄天物了,2026-03-11 15:46:59,0,0,,河南,是,https://i0.hdslb.com/bfs/face/057cc54d0be0f50635302a19b6e05b759ca2a1de.jpg
75,295029064800,292784242417,486382896,Fleur-DeLys,6,保密,"回复 @Tamaneko_ :末九均分88进港四五基本上没什么问题反正
三我不知道",2026-03-11 15:47:41,0,1,,河南,是,https://i0.hdslb.com/bfs/face/057cc54d0be0f50635302a19b6e05b759ca2a1de.jpg
76,292784096321,292784303185,1302511965,影子军主,5,男,回复 @Fleur-DeLys :985一堆报培训的，你去过就知道，太他妈逆天了，有些大一下就去报了，然后大二下直接实习,2026-03-11 15:49:59,0,1,,广东,是,https://i0.hdslb.com/bfs/face/ca51584dbfc8e90b9cb65b4ab7fe61f1a9f51408.jpg
77,292784303185,292784568929,486382896,Fleur-DeLys,6,保密,"回复 @影子军主 :没必要啊，我去的培训班的主流客户其实都是普通本科
大二实习的问题是很多学校根本不放人，累积不到三个月及其以上的完整实习经验
特别是地区差＋管的严的学校，基本上等于大三下暑假前你找不到什么好的实习的",2026-03-11 15:51:50,0,0,,河南,是,https://i0.hdslb.com/bfs/face/057cc54d0be0f50635302a19b6e05b759ca2a1de.jpg
78,292784568929,292785097409,1302511965,影子军主,5,男,回复 @Fleur-DeLys :我去的什么学校都有 985 211 一本 二本都有，真不放嘛？那就寒暑假去呗，反正我培训班那些人说如果强硬的话是可以的,2026-03-11 15:59:12,0,0,,广东,是,https://i0.hdslb.com/bfs/face/ca51584dbfc8e90b9cb65b4ab7fe61f1a9f51408.jpg
79,292785097409,292785944673,486382896,Fleur-DeLys,6,保密,回复 @影子军主 :说的就是寒暑假时间太短，你寒暑假只能实习最多两个多月，强硬得看学校考勤强度,2026-03-11 16:10:29,0,0,,河南,是,https://i0.hdslb.com/bfs/face/057cc54d0be0f50635302a19b6e05b759ca2a1de.jpg
80,292785097409,292786023489,486382896,Fleur-DeLys,6,保密,回复 @影子军主 :我ip辅导班几乎很少有河大、郑大的学生，破天荒会有别的985211学生,2026-03-11 16:11:05,0,0,,河南,是,https://i0.hdslb.com/bfs/face/057cc54d0be0f50635302a19b6e05b759ca2a1de.jpg
81,292784303185,292786165697,486382896,Fleur-DeLys,6,保密,回复 @影子军主 :辅导班确实有就业协议，但是一般就是一万上下，封闭式高强度学习几个月＋几万学费，如果有点规划和自学能力大概率不需要这个时间财力都能做到。我室友技术几乎一窍不通去了一个运维岗位，接着跳槽转型找游戏策划的实习，从决定转行到找到实习就花了二十多天。,2026-03-11 16:13:01,0,0,,河南,是,https://i0.hdslb.com/bfs/face/057cc54d0be0f50635302a19b6e05b759ca2a1de.jpg
82,292786165697,292786672161,1302511965,影子军主,5,男,回复 @Fleur-DeLys :游戏策划还好 不是很吃技术 如果是技术岗，真不一定,2026-03-11 16:20:46,0,0,,广东,是,https://i0.hdslb.com/bfs/face/ca51584dbfc8e90b9cb65b4ab7fe61f1a9f51408.jpg
83,292786672161,292787338209,486382896,Fleur-DeLys,6,保密,"回复 @影子军主 :技术岗二十天除非是运维或者测试一定是找不到的，开发得正儿八经的苦学几个月时间
算法那种是给卷王里的卷王准备的，不用讨论了",2026-03-11 16:30:54,0,1,,河南,是,https://i0.hdslb.com/bfs/face/057cc54d0be0f50635302a19b6e05b759ca2a1de.jpg
84,292064017793,295731672256,75533144,官方唯一指定小刘,6,保密,工作一年再学习，这样你学的时候，手里会做项目，学的会更主动，知识也更容易吸收。,2026-03-16 19:07:43,0,0,人生在世，琐事繁碎。争议即停，心放万维。,江苏,否,https://i0.hdslb.com/bfs/baselabs/e3df5f8ec32c19743de241a4b8449c5c628a2172.png
85,292064017793,295731940928,75533144,官方唯一指定小刘,6,保密,不要听他们学什么补课班，所有的工作最重要的是社交，有一个好的领导和朋友，不管是方向还是资源都是很可观的。做题区被骂是有道理的。所以工作和全日制学习都很重要。,2026-03-16 19:12:10,0,0,人生在世，琐事繁碎。争议即停，心放万维。,江苏,否,https://i0.hdslb.com/bfs/baselabs/e3df5f8ec32c19743de241a4b8449c5c628a2172.png
86,294571786848,295831225344,241373049,JK羅琳,6,保密,回复 @fickmfg : 香港性价比高吗 香港一年学费加生活费怎么也要30以上了啊,2026-03-17 17:59:09,0,0,ⓘ请允许我们在此献上最后的告别，以此纪念其在哔哩哔哩留下的回忆与足迹。,广东,否,https://i0.hdslb.com/bfs/face/c3b1c31469bee88ccafb9b5d2ddcb6f2d5b22a60.jpg
87,295831225344,295831793424,85749545,fickmfg,6,保密,回复 @JK羅琳 :主流地区最便宜，和澳洲美国英国比便宜很多了。每年去欧陆日韩的人数还是没法和这些地区的比，学历在国内的解释成本比主流地区的名校高。不过我感觉很快就不是最便宜的了，今年港大的工科学费都涨到接近40w港币，明年还得涨。,2026-03-17 18:12:31,0,0,,山东,是,https://i2.hdslb.com/bfs/face/d5cd3ece8b26f3687d74bece612f7e1ec5fe50d9.jpg
88,295831793424,295831929376,241373049,JK羅琳,6,保密,回复 @fickmfg : 搞笑吧 不懂就别乱说了 留学成本第一梯度美英 第二梯度就该加拿大澳洲瑞士香港了 日韩德法之类的国家便宜多了,2026-03-17 18:15:24,0,0,ⓘ请允许我们在此献上最后的告别，以此纪念其在哔哩哔哩留下的回忆与足迹。,广东,否,https://i0.hdslb.com/bfs/face/c3b1c31469bee88ccafb9b5d2ddcb6f2d5b22a60.jpg
89,295831929376,295831957456,85749545,fickmfg,6,保密,回复 @JK羅琳 :有问题吗，我排除了欧陆和日韩啊。香港是不是比英美澳便宜，如果你不是商科或者港大的，那成本就是最低的。，比新加坡还便宜。,2026-03-17 18:19:00,0,0,,山东,是,https://i2.hdslb.com/bfs/face/d5cd3ece8b26f3687d74bece612f7e1ec5fe50d9.jpg
90,295831957456,295832274832,241373049,JK羅琳,6,保密,回复 @fickmfg :好吧晚上眼瞟了看差了，但是能留学的国家总共不也就这些么。至于香港比新加坡便宜我不认可，无论是学费还是生活费香港普遍逗比新加坡更贵,2026-03-17 18:26:44,0,1,ⓘ请允许我们在此献上最后的告别，以此纪念其在哔哩哔哩留下的回忆与足迹。,广东,否,https://i0.hdslb.com/bfs/face/c3b1c31469bee88ccafb9b5d2ddcb6f2d5b22a60.jpg
91,295832274832,295832769184,85749545,fickmfg,6,保密,回复 @JK羅琳 :那也得分学校，去ust上学附近便宜房子大把。hku附近房子就贵，食宿成本比ntu和nus高。cuhk甚至都能住深圳。学费这块港科港中文很多理工科和人文社科项目的费用都比新二的低。mphil和meng的话，香港这边开销就很低了。新加坡那边全奖名额太少了，至少我能拿ust的offer新二那边不要，自费读研究型新加坡那边还要比msc贵一截。,2026-03-17 18:42:11,0,0,,山东,是,https://i2.hdslb.com/bfs/face/d5cd3ece8b26f3687d74bece612f7e1ec5fe50d9.jpg
92,292064017793,293511880737,473143260,我心澎湃nnnn,6,保密,陕西有末9吗[藏狐],2026-03-19 07:15:56,0,0,,天津,是,https://i0.hdslb.com/bfs/face/e8b53c18ef5dc43a94031b65bed6ecd861fa0cf8.jpg
93,292064017793,293688328145,345945568,奇树奇树奇奇奇述,5,男,建议能找到还行的厂子就出来工作，现在ai冲击下真不知道三年吼会怎么样,2026-03-21 03:26:50,0,0,,浙江,否,https://i1.hdslb.com/bfs/face/89b6491bc597cdef170184f2a1820f7900e22607.jpg
94,292064017793,296448103040,1530899900,雾茫茫曲终散,5,保密,不是哥们陕西有末九吗,2026-03-23 12:57:46,0,0,三生七世，永堕阎罗。只为情故，虽死不悔,陕西,是,https://i2.hdslb.com/bfs/face/ecdb2292a3ae2523aa0cc7be6a6a12a99fdf52a3.jpg
95,0,293854786017,1638868,MS-06F大爵子,6,保密,在阿里，移动咪咕，腾讯都干过，现在在腾讯做游戏导游，相对比腾讯是我干的最爽的地方。在阿里我遇到过业务对接人P级比我高当场关电脑说让我上级来找他的离谱人物。移动咪咕更是重量级，一个国企说自己是互联网公司，从上到下都在糊弄，当时在元宇宙的部门，结果研发搞不明白unity引擎，只能说移动集团还是太有钱了可以随便造。腾讯不管是工作氛围还是业务产出都让我觉得很受尊重。当然也看部门和团队，靠谱的团队真的看运气。,2026-03-22 12:22:07,2,51,音乐，文学，电影和宇宙,江苏,是,https://i1.hdslb.com/bfs/face/0a51c34d97fa71a9efb3c96bc70e07c918ea20fc.jpg
96,293854786017,293864654801,526598,一只卡斯特,6,保密,我听说咪咕是某太子爷搞出来的玩意。。我对这玩意的印象就是送的毫无卵用的东西,2026-03-22 13:59:25,0,7,南山喵啊喵~,浙江,是,https://i2.hdslb.com/bfs/face/12f7ac3887bc054fa665fde69e5886132c5f3103.jpg
97,293854786017,294174740721,29002795,MrGlove,6,男,有很近的亲戚在腾讯工作，说是T1互联网公司里面，腾讯的wlb已经是相对最好的了。虽然也有隐性的绩效考察（当然这是无可避免的），但是其他几家是明晃晃拿到台面的。所以目前来看T1国内互联网企业腾讯算是比较好的去处了。剩下几家给钱是真多（腾讯也不少），但是压榨那也真是不开玩笑。,2026-03-25 20:13:12,0,1,奇世俗人,新加坡,否,https://i1.hdslb.com/bfs/face/6605e31d28e9266501ee4cfddf40e49a7538a4ab.jpg
98,0,291920103585,25362296,飞翔的五对负重轮,6,男,播了一半我才意识到你用的是ppt,2026-03-03 02:19:10,13,2082,,美国,否,https://i2.hdslb.com/bfs/face/55290bd39332664ebb8190278a2408563c36ca67.jpg
99,291920103585,292019433617,2069970171,多特蒙德最后的美羊羊,6,男,笑飞了哈哈哈哈哈哈,2026-03-03 20:10:33,0,198,彩笔码农,中国香港,是,https://i0.hdslb.com/bfs/face/a825d6c0884e39005cdfb5a61e3ebff73547f812.jpg
100,291920103585,294645444512,475040601,八心八箭烤地瓜,5,保密,哈哈哈哈哈哈哈,2026-03-06 12:56:46,0,10,??,陕西,是,http://i0.hdslb.com/bfs/face/570cea7924a438daac128552f3fee32f572ca86a.jpg
101,291920103585,294913531216,174547930,霉干菜扣肉GLvX,6,男,哈哈哈哈哈哈哈哈哈哈哈哈，你不说我都没意识到,2026-03-08 21:22:42,0,8,逃宝搜民俗羽体育，羽球底价（关店中）,江苏,否,https://i1.hdslb.com/bfs/face/0be81f3f6db969bd10cfbdbf4b7973128edb79a2.jpg
102,291920103585,294979715616,498301449,ldxhhDavid,5,保密,一般用什么 怎么看出来是PPT的 求解答谢谢,2026-03-09 13:13:26,0,49,ldxhh,河北,否,https://i0.hdslb.com/bfs/face/99e2b5d17700a42967a7b4767a6d690cb3e4c2ba.jpg
103,294979715616,292598458417,33705264,阿飘windy,6,保密,回复 @ldxhhDavid :他那个图标跳出来的动画是ppt的默认动画[笑哭]，没说我都没反应过来,2026-03-09 14:36:28,0,216,樱岛麻衣天下第一,上海,是,https://i0.hdslb.com/bfs/face/1d691608cee6f99c3b805ec38c69eab0cf9b37e5.jpg
104,294979715616,295073039712,403344701,不予妄求,5,保密,回复 @ldxhhDavid :Ppt能做视频知道不哈哈哈,2026-03-10 12:52:54,0,19,搞电子的 现已自由,山东,否,https://i2.hdslb.com/bfs/face/34c16a8ae49b2065edd4a45816da71c3c31504bc.jpg
105,295073039712,295595684176,1897273128,嚣淆晓,5,保密,回复 @不予妄求 : 我突然想起来之前见过一个老哥拿ppt做的游戏[笑哭],2026-03-15 12:14:41,0,8,,河南,否,https://i0.hdslb.com/bfs/face/f0e7dd57ea8b5943580a15dbc85fe3dc5ade6f91.jpg
106,292598458417,295659378928,333902321,柠檬加醋心好酸_,6,男,回复 @阿飘windy :其实前第二十秒就能看出来了[大笑],2026-03-16 05:00:12,0,4,一个死宅,山东,否,https://i2.hdslb.com/bfs/face/c289ae536ef98adf20a7bf9a11dd7b4775a01987.jpg
107,291920103585,295670916784,428360239,假的姐姐,6,男,上面还有个鼠标[笑哭],2026-03-16 07:32:46,0,4,随缘更新,江苏,是,https://i1.hdslb.com/bfs/face/647172aad0f95531d6109f09a996a298f04eb21a.jpg
108,291920103585,295697026480,3493288283736915,锰钬,6,保密,一看就是公司报告用ppt习惯了,2026-03-16 12:07:45,0,19,做kards同人游戏和DIY的,广东,否,https://i0.hdslb.com/bfs/face/babad8d2baa4e95a1e0aa1c3694c26b6277360e8.jpg
109,294979715616,295767674608,669808631,雪莉一拳打死爱玛,5,保密,回复 @ldxhhDavid : nb,2026-03-17 06:22:40,0,0,,江苏,是,https://i2.hdslb.com/bfs/face/cf35cbac3542df693f20e7d5e6a54f0b043f206b.jpg
110,291920103585,296084144672,35300217,世外不另外加糖,6,保密,弹跳,2026-03-20 09:00:23,0,0,,上海,是,https://i0.hdslb.com/bfs/face/1944962a504e9cb1a98c11b9e7aee5ef33736f21.jpg
111,294979715616,293858892881,1408993085,落落浮笙,5,保密,回复 @ldxhhDavid :抖音图标出来那个弹跳动画,2026-03-22 13:01:48,0,0,,上海,否,https://i2.hdslb.com/bfs/face/b48c0b2c44ba6cbba2cd0456ca98654ad5245005.jpg
112,0,292484755905,3546772500646287,此地不宜久留69,4,保密,不是清北华五 能去一直面试上这三个企业吗？,2026-03-08 10:41:39,14,75,刑不可知，则威不可测,湖北,否,https://i0.hdslb.com/bfs/face/member/noface.jpg
113,292484755905,294878997440,333708720,-问天-_-,6,男,985 有能力的肯定行啊,2026-03-08 12:41:20,0,69,我忘却所有悲剧，所见皆是奇迹,广东,是,https://i0.hdslb.com/bfs/face/fb9fcf69208808d9ee18f9dd9794084180f983f1.jpg
114,292484755905,294899789632,13238124,暴躁段段在线学习,6,保密,一方面看岗位 一方面看过往的实习经历 一方面看bu缺人不缺人 亲测3影响最大,2026-03-08 15:58:40,0,10,,浙江,否,http://i2.hdslb.com/bfs/face/98bb55070019f24e808d8f38cdd3774a0bf15477.jpg
115,292484755905,294972327136,1450420,杜野凛世不吃晚饭,6,保密,环境＞BG＞＞实习经历,2026-03-09 11:57:43,0,6,饿了//社畜随性汉化，有问题请私信,上海,否,https://i1.hdslb.com/bfs/face/144f43c849f2023ed44a4b933ee868511d0ae31a.jpg
116,292484755905,294989586080,13152323,超级小凯,6,保密,第一段看运气，后面靠第一段左脚踩右脚。技术岗学历211以上+算法好，去字节缺人的组还是不难的，有了字节背书给第一段包装一下，第二段也好找了。,2026-03-09 14:51:14,0,52,这个人很神必，什么都没有写,北京,是,https://i2.hdslb.com/bfs/face/3de5fbc721006888a1356d8ffe6a6095b1350e67.jpg
117,294972327136,292670465905,3546772500646287,此地不宜久留69,4,保密,回复 @杜野凛世不吃晚饭 :感觉背景大于环境吧，7校不缺好offer,2026-03-10 11:39:45,0,2,刑不可知，则威不可测,湖北,否,https://i0.hdslb.com/bfs/face/member/noface.jpg
118,292484755905,292868966849,686919060,互联网史书,5,男,互联网大部分岗对学历要求没那么高的。。。,2026-03-12 14:52:17,0,2,那么喜欢搞单向可见，你为啥不直接给我搞成单机版的？,浙江,否,https://i0.hdslb.com/bfs/face/f92cc25ef55e2e0d31846b9f67bb27bccc9b60e3.jpg
119,292868966849,292894064577,3546772500646287,此地不宜久留69,4,保密,回复 @互联网史书 :对比国央企来说确实是这样，不过互联网也是最卷的工科，好企业 高学历的太多了。,2026-03-13 01:17:49,0,2,刑不可知，则威不可测,湖北,否,https://i0.hdslb.com/bfs/face/member/noface.jpg
120,292484755905,295941808976,1736493640,goodvvin,3,保密,外企不懂就不说了，阿里会比较卡学历，腾讯字节其实还好，211科班以上都是有机会的，强势双非比如那几个所邮电学校或者广工深大这种每年也有去腾讯字节的，还是看个人水平吧，清北混子来面试不也过不了,2026-03-18 23:35:03,0,1,,广东,否,https://i1.hdslb.com/bfs/face/bf12cf8e04684018d7585c444d94efd57846aab7.jpg
121,292484755905,296005194272,296858329,dxdzdy,5,保密,除了阿里云，手机厂，华为还有tplink这种会卡学历，其他无所谓,2026-03-19 12:48:15,0,0,,江苏,否,https://i1.hdslb.com/bfs/face/8e266c5d3610476931f8ed52cfefe7ea4c150ad5.jpg
122,292484755905,296083115264,382104903,Darknife-粒子,6,男,我认识大专进腾讯的，主要还是工作方向本身注重能力而非学历+个人能力强,2026-03-20 08:49:06,0,1,111大哥真教吗,北京,否,https://i0.hdslb.com/bfs/face/a5450ffd20c7d2cce8d4a2d6eb00c6d8aaaf96ef.jpg
123,292484755905,293664197041,18330680,矿泉水瓶会喝水吗,6,保密,双非，tiktok实习半年，马上去apple。全是ai相关rd岗。,2026-03-20 18:07:51,0,0,做最好的QQ糖。,美国,是,https://i2.hdslb.com/bfs/face/0598a3a0cd9afbe5558e9b176048d0db9ef7e88a.jpg
124,293664197041,293706461153,400223893,goddess丶,6,保密,回复 @矿泉水瓶会喝水吗 : 想去apple这种外企英语是不是很重要呀,2026-03-21 06:35:46,0,0,凯伊姆桑~,福建,否,https://i1.hdslb.com/bfs/face/c7471f9ba22626e7b38462e9de0ffbe767f9640e.jpg
125,293706461153,293750500369,18330680,矿泉水瓶会喝水吗,6,保密,回复 @goddess丶 :最基本的。如果只要英语美国人可以随便进了。,2026-03-21 13:48:00,0,0,做最好的QQ糖。,美国,是,https://i2.hdslb.com/bfs/face/0598a3a0cd9afbe5558e9b176048d0db9ef7e88a.jpg
126,292484755905,294008361361,3706929402611794,电力电子曼波,2,男,大厂技术够就行，外企卡学历,2026-03-24 05:14:25,0,0,一只分享电力电子技术的曼波。,安徽,否,https://i1.hdslb.com/bfs/face/420996b5e9844f7f70dc80bc5ba3fc2838af6b9b.jpg
127,0,292617335009,20014972,远坂凛的男朋友啊,6,男,面试体验个人排名腾讯 > 字节。腾讯一轮流程下来就offer了。字节那面试就折磨的一比。第一次主动投简历挂了之后，之后每隔几个星期不同部门的HR都会把我从池子里面捞起来，每次面完2面挂。(小声BB：不招别捞),2026-03-09 21:11:03,11,443,,美国,是,http://i1.hdslb.com/bfs/face/3ae8eb88bba29f0290bb81b1c95b70f8d40cc332.jpg
128,292617335009,292708378321,349549964,TonyZhangXX,5,男,我室友说被字节乱踢死,2026-03-10 23:03:44,0,95,,美国,否,https://i2.hdslb.com/bfs/face/a2cd4dff4dff553ea6f4fe653a04a581610d4ac7.jpg
129,292617335009,292817326161,1712508265,Zustra,4,保密,求bg，我也眼馋国内腾讯,2026-03-12 04:33:03,0,5,,美国,否,https://i0.hdslb.com/bfs/face/member/noface.jpg
130,292708378321,295277300336,412906523,盗贼鼠鼠,6,保密,回复 @TonyZhangXX :字节面试超级难，算法题难，场景复杂，八股都是挑最难的我感觉[大哭],2026-03-12 14:44:29,0,26,,广东,否,https://i2.hdslb.com/bfs/face/8452e585e6df68cee0a6c050801c42ccae216722.jpg
131,295277300336,295300023664,42479213,IntelCEO大马脸,6,保密,回复 @盗贼鼠鼠 :我面的整体感觉字节问的八股和算法挺常规的，反而每次藤子的面试官把每个八股的点往最深处挖,2026-03-12 23:38:55,0,4,,美国,是,https://i2.hdslb.com/bfs/face/89096e22c230ad4fe0023f7b8d2d3f23096b80e3.jpg
132,292817326161,292890426513,20014972,远坂凛的男朋友啊,6,男,回复 @Zustra :我是做图形学方面的。有个做了2年的开源项目。然后把我招进去的组是做游戏引擎工具链的。我那个项目和他们的挺匹配的。当时面试也主要聊我那个项目,2026-03-13 00:02:15,0,5,,美国,是,http://i1.hdslb.com/bfs/face/3ae8eb88bba29f0290bb81b1c95b70f8d40cc332.jpg
133,292890426513,292891403601,1712508265,Zustra,4,保密,回复 @远坂凛的男朋友啊 :我的妈打扰了，你这个领域太硬了🫡,2026-03-13 00:25:30,0,4,,美国,否,https://i0.hdslb.com/bfs/face/member/noface.jpg
134,292891403601,292962537201,20014972,远坂凛的男朋友啊,6,男,回复 @Zustra :还好了。其实我知道的好几个组都缺人的。有些组给转正hc都不留下人。腾讯这池子挺讲运气的，刚好看到你了把你捞起来，觉得你合适了就没问题了。（不过头部那些部门比如天美，微信确实难）,2026-03-13 14:39:07,0,6,,美国,是,http://i1.hdslb.com/bfs/face/3ae8eb88bba29f0290bb81b1c95b70f8d40cc332.jpg
135,292890426513,295680218976,455752138,FOR-ELYSIA,6,男,回复 @远坂凛的男朋友啊 :好奇大佬是什么方向的？我感觉我现在搞3D图形匹配什么的明年毕业了担心找不到工作[笑哭],2026-03-16 09:25:50,0,1,"一个人，要走多远的距离，才能在时光的尽头，追回最初的自己。
Life is too long to end at a grave.",吉林,否,https://i1.hdslb.com/bfs/face/deb2607db419cee67ae0e802969bcbc4df2e2b09.jpg
136,292617335009,293322517265,432105370,不想被祂玩坏了,5,保密,字节要面试五轮，早点挂挺好的,2026-03-17 06:30:48,0,2,"余与同舍诸君子，哀斯墓之徒有其石也，而为之记，亦以明死生之大，匹夫之有重于社稷也。
",江西,否,https://i1.hdslb.com/bfs/face/6b6f4ef2e5605c6bbe28cb2b5e44896ccc215fc9.jpg
137,295277300336,295823585104,690460943,风里雨里看月柳,5,保密,回复 @盗贼鼠鼠 :字节面试官太不友好了我也是这种感觉,2026-03-17 16:05:39,0,2,,美国,否,https://i0.hdslb.com/bfs/face/member/noface.jpg
138,292617335009,295867241376,1804248949,繁至道小,5,保密,之前面对wxg，贼深，一直深挖业务，字节是很典型的八股厂。,2026-03-18 05:44:20,0,1,,美国,是,https://i1.hdslb.com/bfs/face/6f856a460dfb1b922e97ecda51badb8c4eb08f82.jpg
139,0,291915036545,7554061,凯斯迈,6,男,下次来我司实习看看吧哈哈,2026-03-03 01:13:03,16,178,已经从斯坦福毕业现在在Google摸鱼的超级鸽子up主,美国,是,https://i1.hdslb.com/bfs/face/7da1bb255fe8495223c569df204ba22cdafaeea4.jpg
140,291915036545,294280011968,3546705232398641,O__j,3,保密,吓哭了,2026-03-03 06:57:23,0,40,普通人,上海,否,https://i2.hdslb.com/bfs/face/41b47f23a34471407457252fdf1a5e0e8abefb04.jpg
141,291915036545,294285260704,354096445,kyleJKC,6,男,听说你们的食堂不错,2026-03-03 07:48:06,0,9,究极什锦区UP，点个关注呗,美国,否,https://i1.hdslb.com/bfs/face/791ee881f4e63b2afd4f6997d64749f1325a6d0f.jpg
142,291915036545,294302367232,3461565365881129,学长的数学,4,保密,哈哈，谷歌又来挖的墙角了[doge],2026-03-03 10:15:02,0,105,,河南,否,https://i1.hdslb.com/bfs/face/778a5754628babcfdbb80f9d0cdae194196f2ea5.png
143,291915036545,291972858097,646277175,VFlandre,6,女,吓哭了,2026-03-03 11:02:54,0,6,ひたむきに、涼やかに,四川,否,https://i0.hdslb.com/bfs/face/a7baa43e4445845c842d22551a0f81f2c951768c.jpg
144,291915036545,294337991952,1984454905,烟鬼TCS,6,男,我也想去，可惜我是安卓人,2026-03-03 15:07:34,0,29,"SO FAR SO GOOD
SO FAR SO GONE",宁夏,是,https://i1.hdslb.com/bfs/face/97290a8f6134dcefdaac482eb84a65ec629f9888.jpg
145,291915036545,292019497457,674301584,我和边牧比智商,5,保密,NG team match可以捞吗？（狗头,2026-03-03 20:09:39,0,1,,美国,是,https://i2.hdslb.com/bfs/face/44a72f374eb93f9ddd2eb24ffb6317deec49d3ee.jpg
146,291915036545,294480467728,289416048,MicoMicoMiii,5,保密,给个内推[大哭],2026-03-05 00:59:37,0,3,No u,荷兰,是,https://i0.hdslb.com/bfs/face/ade5f4bd82e0bf070b2a22a4c11675a1347be49d.jpg
147,291915036545,292678414881,276868656,我爱学习喵,5,保密,？招人我就去,2026-03-10 13:03:55,0,0,,江西,是,http://i0.hdslb.com/bfs/face/331651be78888e83bff6fe37b4b5b9f40aeedea5.jpg
148,292019497457,292725184209,7554061,凯斯迈,6,男,回复 @我和边牧比智商 :建议在linkedin上找各种manager，我还不是manager而且我们目前也没hc[喜极而泣],2026-03-11 04:05:53,0,3,已经从斯坦福毕业现在在Google摸鱼的超级鸽子up主,美国,是,https://i1.hdslb.com/bfs/face/7da1bb255fe8495223c569df204ba22cdafaeea4.jpg
149,291915036545,293134836177,597724469,君莫厌_,6,男,真有吗,2026-03-15 06:52:40,0,0,威权式民主，国家主导战略产业，政府纠正市场，以经济建设为中心，坚持四项基本原则，坚持改革开放,新加坡,否,https://i2.hdslb.com/bfs/face/c2635ff5364e20d31a62aecaadc577def8d53bb5.webp
150,294337991952,295601390480,3494358653340225,梅维斯永远118岁,3,保密,回复 @烟鬼TCS :我想当安卓人,2026-03-15 13:09:25,0,1,,广东,否,https://i0.hdslb.com/bfs/face/member/noface.jpg
151,291915036545,293437444721,500924366,中奖了吗,5,保密,吓哭了,2026-03-18 11:04:41,0,0,我不美死(*^@^*),福建,是,https://i2.hdslb.com/bfs/face/dc66b16102a4cfa2825c918ccec59c5708996dc9.jpg
152,294337991952,296050493584,514165444,巴州不醒人氏,5,保密,回复 @烟鬼TCS : 安卓不就是谷歌捣鼓出来的吗？这不得上班像回家啊,2026-03-20 02:08:16,0,1,,福建,否,https://i1.hdslb.com/bfs/face/13b53c77e288a00d6757817e5d9a2cb2aef74135.jpg
153,291915036545,296388712736,385456842,rechelieu2,5,保密,草看了下id，我好像在ucla膜ha群加过你[doge_金箍],2026-03-23 01:15:51,0,0,,美国,是,http://i0.hdslb.com/bfs/face/member/noface.jpg
154,296388712736,293902838081,7554061,凯斯迈,6,男,回复 @rechelieu2 :太草了我想起来那个群了,2026-03-23 02:40:32,0,0,已经从斯坦福毕业现在在Google摸鱼的超级鸽子up主,美国,是,https://i1.hdslb.com/bfs/face/7da1bb255fe8495223c569df204ba22cdafaeea4.jpg
155,291915036545,296629519920,513998339,bili_58239924997,4,保密,数通方向的招吗,2026-03-25 08:54:25,0,0,,山东,否,https://i0.hdslb.com/bfs/face/member/noface.jpg
156,0,295280820848,515115311,西隆SaMa,6,保密,我这边公司是全市唯一一家抖音认证做抖音本地化之类的公司，本科率不足20%，大部分都是大专还带几个中专，干的活初中毕业了的人来了一两周也能熟悉,2026-03-12 15:19:55,7,15,随心,江苏,否,https://i2.hdslb.com/bfs/face/5a08c8d7279f275b9aa4946bc55dfb43849d52d1.jpg
157,295280820848,295791670944,153906129,半岛烟火,6,男,还缺人吗哥[喜欢]明年硕士毕业,2026-03-17 11:05:19,0,1,别查成分了，就当我玩原神玩的,江苏,否,https://i0.hdslb.com/bfs/face/434b3702a16d8b3bb2c818ec89530d6441f2ab6a.jpg
158,295791670944,296047559440,43440133,阿拉巴啦啦啦,6,保密,回复 @半岛烟火 : 兄弟这又不是抖音，这只是个合作方。大概率是一些客服运营的工作确实也只需要专科的人就能干，这只是跟抖音合作又不是抖音公司，你都快硕士毕业了这都分不清,2026-03-20 01:24:56,0,7,,湖北,是,https://i1.hdslb.com/bfs/face/2138f19f92c3db255e3372398a96dd80e23ae637.jpg
159,295791670944,293651681713,1608025954,TFS6ZY,5,保密,回复 @半岛烟火 :能大专应该就尽量不招硕士了[doge_金箍],2026-03-20 15:21:43,0,4,第一次做人,山西,否,https://i1.hdslb.com/bfs/face/0651b9e255142f5865021228266e2585408d66e1.jpg
160,295791670944,296195034624,515115311,西隆SaMa,6,保密,回复 @半岛烟火 :工资太低了，你肯定不想来,2026-03-21 08:49:23,0,1,随心,江苏,否,https://i2.hdslb.com/bfs/face/5a08c8d7279f275b9aa4946bc55dfb43849d52d1.jpg
161,296195034624,293757916881,397839785,净化火焰,5,保密,回复 @西隆SaMa :工资多少,2026-03-21 14:52:52,0,0,,广东,否,https://i2.hdslb.com/bfs/face/5e05ed153f1cc68787d67447defabb3d93b33226.jpg
162,296195034624,293758052721,397839785,净化火焰,5,保密,回复 @西隆SaMa :工资多少,2026-03-21 14:52:53,0,0,,广东,否,https://i2.hdslb.com/bfs/face/5e05ed153f1cc68787d67447defabb3d93b33226.jpg
163,293758052721,296240091184,515115311,西隆SaMa,6,保密,回复 @净化火焰 :4K，虽然挺轻松的，工作量很低，但是我听工作久的同事说这两年一直在降薪,2026-03-21 15:16:23,0,1,随心,江苏,否,https://i2.hdslb.com/bfs/face/5a08c8d7279f275b9aa4946bc55dfb43849d52d1.jpg
164,0,291693904625,277558785,玛巴的炫酷Mike菠萝,6,保密,腾讯总部不是在深圳吗？北京部分只是比较大的研发中心吧？,2026-03-01 03:21:59,6,80,柳州人侯俊阴关桐轮而行,广西,否,https://i0.hdslb.com/bfs/face/043b77cd753356e22907552a772fe6222875c4df.jpg
165,291693904625,291715043169,477151884,kanyuii,6,保密,应该是腾讯 北京总部,2026-03-01 06:27:51,0,67,,广东,否,https://i0.hdslb.com/bfs/face/5bd354214e7e267b434102e40f4d9c263ac61cfd.jpg
166,291715043169,291834998065,587949460,古哪古拉,5,保密,回复 @youkanni : 腾讯老本家在深圳，谁告诉你总部在北京的,2026-03-02 07:36:58,0,4,,广东,是,https://i1.hdslb.com/bfs/face/127b810de4646b61948bcde1afd5b344f7dd7690.png
167,291834998065,291841709121,477151884,kanyuii,6,保密,回复 @古哪古拉 :回覆 @古哪古拉 :是北京的总部[笑哭]我就在隔壁百度上班我不知道嘛,2026-03-02 08:51:43,0,64,,广东,否,https://i0.hdslb.com/bfs/face/5bd354214e7e267b434102e40f4d9c263ac61cfd.jpg
168,291841709121,291854063441,587949460,古哪古拉,5,保密,回复 @youkanni : 不好意思我理解错了，我理解成全国的总部了[委屈],2026-03-02 10:45:54,0,4,,广东,是,https://i1.hdslb.com/bfs/face/127b810de4646b61948bcde1afd5b344f7dd7690.png
169,291693904625,292179944225,24919153,风铃Miki,6,男,腾讯视频基本在北京，还有很多算法岗在北京（其他厂跳槽方便）,2026-03-05 12:40:26,0,2,诗酒趁年华,江西,是,https://i1.hdslb.com/bfs/face/03e6eed6a4fed56d4e9ca5704327cd204dc8cc34.jpg
170,291693904625,295230310208,20360706,ZhyLancelot,6,男,你实习就知道了，北京和深圳的都叫总部,2026-03-12 05:49:30,0,2,猜猜我是谁⊙ω⊙,美国,是,https://i0.hdslb.com/bfs/face/c5c5edd45ca784aef0d42dfb784a26dfcdd1cb79.jpg
171,0,294338963856,3194822,想去看極光,6,保密,前几年班上同学到tx实习 加班到晚上倒贴钱打车回家[笑哭][笑哭],2026-03-03 15:14:40,8,168,海粼猫猫,广东,否,https://i2.hdslb.com/bfs/face/c016a7dfe178d53ee26ab62ec6dc9d34f4c4e08f.jpg
172,294338963856,292105534689,2006600588,Amor568,5,男,一般大厂加班到多少点之后不都报销打车吗？[辣眼睛],2026-03-04 15:54:16,0,49,,上海,否,https://i2.hdslb.com/bfs/face/b3ab4cfee245a40cf302812e228ae24a35963452.jpg
173,292105534689,294457378160,3194822,想去看極光,6,保密,回复 @Amor568 :可能实习生没这待遇吧 不太清楚 也是听舍友说的,2026-03-04 16:13:46,0,43,海粼猫猫,广东,否,https://i2.hdslb.com/bfs/face/c016a7dfe178d53ee26ab62ec6dc9d34f4c4e08f.jpg
174,292105534689,294489216688,402284936,CodiVFX,5,保密,回复 @Amor568 : tx那边的话实习生确实不能自己提交打车报销申请，但是我记得可以让正编同事帮忙提交报销申请,2026-03-05 03:03:10,0,56,UE游戏特效师    交流群：743166590,中国香港,是,https://i2.hdslb.com/bfs/face/7ada72bc309e0a74ed95465349c7b4e5c551b3f2.jpg
175,294457378160,294489118704,402284936,CodiVFX,5,保密,回复 @想去看極光 : tx那边的话实习生确实不能自己提交打车报销申请，但是我记得可以让正编同事帮忙提交报销申请,2026-03-05 03:03:24,0,14,UE游戏特效师    交流群：743166590,中国香港,是,https://i2.hdslb.com/bfs/face/7ada72bc309e0a74ed95465349c7b4e5c551b3f2.jpg
176,294489118704,294489412240,3194822,想去看極光,6,保密,回复 @CodiVFX :噢噢这样啊[少女乐团派对_哇哦],2026-03-05 03:06:18,0,4,海粼猫猫,广东,否,https://i2.hdslb.com/bfs/face/c016a7dfe178d53ee26ab62ec6dc9d34f4c4e08f.jpg
177,294338963856,294653527136,39879428,酸甜凉脆鲨,6,保密,商务实习表示当时可以报 但要标明拜访客户 且仅限以滨海为起终点的单 流程也有点繁琐 最后其实也倒贴不少[孤独摇滚_完了呀],2026-03-06 14:06:29,0,17,宝可梦 纯音乐,广东,否,https://i2.hdslb.com/bfs/face/749aeff1e261dca77de522838d270a962c9a0413.jpg
178,294338963856,295766881664,344744832,白夜飞雪_Official,6,男,腾讯不是找带的人给发票在帮忙报销吗？十点后都可以直接报销车费,2026-03-17 06:10:13,0,4,我必须得摄取咖啡因。,浙江,否,https://i0.hdslb.com/bfs/face/3a3539c1b621d78043ec3e97eabceba9ac7dbd8c.jpg
179,294338963856,293439164385,40610594,bili_40610594,6,保密,叫正岗帮忙提申请就行了，有发票不随便报,2026-03-18 11:23:09,0,4,当你们还在强调赢的时候，其实已经输光光了。（还有为啥每次系统河蟹我名字?）,海南,否,https://i2.hdslb.com/bfs/face/9447aa496e8a79ac7af2cfa9ee6e1791ac0d1773.jpg
180,0,293577855585,43474,十六夜叶羽,6,保密,腾讯非常宫斗了[doge],2026-03-20 01:14:34,2,14,关注我有好康的！音乐已上线各大音乐平台！艺人名：Elfiria（エルフィリア）,日本,否,https://i1.hdslb.com/bfs/face/a73cc8b20c36faf7f0f26042d531083cb4659735.gif
181,293577855585,293702969377,3691005601646993,nhdjkSHFOI,2,保密,啥意思啊？,2026-03-21 05:55:27,0,0,,江西,否,https://i0.hdslb.com/bfs/face/member/noface.jpg
182,293702969377,296575637456,154214029,格尔man-spa罗,6,男,回复 @nhdjkSHFOI :有好多部门待遇不一样,2026-03-24 17:28:05,0,0,非3D生存经营系游戏爱好者，横版动作系游戏爱好者，是淡坑音游狗，旅行向公路片爱好者,新疆,否,https://i1.hdslb.com/bfs/face/50e547debe102775a692cecec75d306c483dc26b.jpg
183,0,294168572048,10853509,Moritomo,6,保密,苹果工作强度拉爆了[笑哭] 三天两头出差 还得做keynote到半夜,2026-03-02 10:37:04,7,474,一般通过UCB PhD,美国,否,https://i1.hdslb.com/bfs/face/de1aae1598e9e644a1f950c20e9f3dcc105239d0.jpg
184,294168572048,292350686225,230156,赛博丁真梦到电子理塘,6,男,北美华为说是,2026-03-07 06:56:17,0,204,,天津,否,https://i2.hdslb.com/bfs/face/63c7742fb3e2fadb3c9736c0505a03377b245bb1.jpg
185,294168572048,294782593552,400590666,hhddbbdd,6,保密,国外国内还是不一眼的吧,2026-03-07 15:41:15,0,23,100粉丝，吃粉丝。,河南,否,https://i0.hdslb.com/bfs/face/a2f769b0aaf1a5cd576498b0f3282f222f88dc58.jpg
186,294782593552,294782598880,400590666,hhddbbdd,6,保密,回复 @hhddbbdd :不一样,2026-03-07 15:41:24,0,5,100粉丝，吃粉丝。,河南,否,https://i0.hdslb.com/bfs/face/a2f769b0aaf1a5cd576498b0f3282f222f88dc58.jpg
187,294168572048,292692837697,451044767,没有内涵的学习小号,5,保密,如果会中文，还得在美国大早起来和中国的部门开会,2026-03-10 15:32:32,0,101,殖勾汉剑专业猎户,北京,否,https://i2.hdslb.com/bfs/face/7e72c58637ff26df68fb30939de078d2bbbfcdbe.jpg
188,294168572048,295230487984,20360706,ZhyLancelot,6,男,确实，我哥在苹果经常加班,2026-03-12 05:50:19,0,11,猜猜我是谁⊙ω⊙,美国,是,https://i0.hdslb.com/bfs/face/c5c5edd45ca784aef0d42dfb784a26dfcdd1cb79.jpg
189,294168572048,295403867936,517770340,xsxszab,6,保密,为什么和我基于身边统计学得出的结果完全相反，认识的在苹果的人没有一个wlb差的,2026-03-13 23:33:14,0,11,,美国,是,http://i1.hdslb.com/bfs/face/5ddf9527660fee569a987506bbc26354e737a2f3.jpg
190,295403867936,295461892496,146817,浮吉罗,6,保密,回复 @xsxszab :不同部门的原因吧,2026-03-14 10:13:05,0,11,,重庆,是,https://i0.hdslb.com/bfs/face/26912883de3bd3c4e64c3ca95ca8fdf0f563d3c3.jpg
191,0,293991401728,392739249,WoU-EvoL,6,保密,能去这几个公司实习已经不简单了,2026-03-01 02:03:39,13,1734,,澳大利亚,否,https://i0.hdslb.com/bfs/face/1b0b68ecd4b9c3c4d7723fc42303795e616f0aea.jpg
192,293991401728,294231061232,10241928,寶宝大王,6,保密,辣个男人的母校 必须夯[脱单doge],2026-03-02 20:58:48,0,352,誠心祝福你，捱得到新天地,哈萨克斯坦,是,https://i0.hdslb.com/bfs/face/015c61860f46150f07a9122edf26669506f82551.webp
193,294231061232,294279742656,3546705232398641,O__j,3,保密,回复 @寶宝大王 :你也夯[脱单doge],2026-03-03 06:55:46,0,8,普通人,上海,否,https://i2.hdslb.com/bfs/face/41b47f23a34471407457252fdf1a5e0e8abefb04.jpg
194,294279742656,294345936080,276151843,葬花回忆,6,保密,回复 @O__j :沪✌🏻你也夯[doge],2026-03-03 16:18:54,0,7,要开心哦！,广西,否,https://i1.hdslb.com/bfs/face/7b2dc34dde0a38c23ed9243210521b38a77b9dd3.jpg
195,294345936080,294351127728,3546705232398641,O__j,3,保密,回复 @葬花回忆 :我不夯[妙啊],2026-03-03 17:20:35,0,6,普通人,上海,否,https://i2.hdslb.com/bfs/face/41b47f23a34471407457252fdf1a5e0e8abefb04.jpg
196,294231061232,294939911168,16401005,babayu,6,保密,回复 @寶宝大王 : 🕶,2026-03-09 05:19:46,0,4,ⓘ 该账号已被封禁 那是不可能的,广东,否,https://i0.hdslb.com/bfs/face/member/noface.jpg
197,294939911168,294957074704,10241928,寶宝大王,6,保密,回复 @babayu :🤓,2026-03-09 09:16:19,0,3,誠心祝福你，捱得到新天地,哈萨克斯坦,是,https://i0.hdslb.com/bfs/face/015c61860f46150f07a9122edf26669506f82551.webp
198,293991401728,292638976017,237820478,不冰不叫Kele,6,女,只是实习而已,2026-03-10 04:44:06,0,0,lingling,重庆,否,https://i2.hdslb.com/bfs/face/8b594a78786a2bd50683cb98a679ece69b2b020d.jpg
199,294231061232,292728576769,8352799,wjlZi,6,保密,回复 @寶宝大王 : 必须给到夯,2026-03-11 04:41:34,0,1,别看了，我什么都不会说的,上海,是,https://i1.hdslb.com/bfs/face/116ec3766c76345c7966ef2ccfc540dde8ce8708.jpg
200,292638976017,292738112625,5818669,我能取名啊,5,男,回复 @不冰不叫Kele :现在大厂很多实习也卷的不好进了,2026-03-11 06:50:57,0,7,跳到外太空我才能够找到路,浙江,否,https://i1.hdslb.com/bfs/face/479968e5f76ae37d57d30111b17d8172c324d599.jpg
201,293991401728,295223883824,37517128,前缀没思路_琉璃,6,女,主播主页认证的是上交,2026-03-12 04:36:56,0,7,,江苏,是,https://i1.hdslb.com/bfs/face/8721ca3dc511f48c1e34df808fc0d8f2f512796f.webp
202,294351127728,295461979792,2043878846,赤龙樱落,5,男,回复 @O__j :你很夯[微笑],2026-03-14 10:13:42,0,2,嗨嗨嗨害,山东,否,https://i2.hdslb.com/bfs/face/139e1bf67d255e5b39c377f43f434ec944f4a74f.jpg
203,295461979792,295480963584,3546705232398641,O__j,3,保密,回复 @赤龙樱落 :不夯[保卫萝卜_哭哭],2026-03-14 12:54:14,0,0,普通人,上海,否,https://i2.hdslb.com/bfs/face/41b47f23a34471407457252fdf1a5e0e8abefb04.jpg
204,294231061232,295663129984,334169609,Borrelly,6,女,回复 @寶宝大王 :那个男人毕业都找了好久工作[少女乐团派对_哇哦][少女乐团派对_哇哦][少女乐团派对_哇哦],2026-03-16 05:46:20,0,4,沉迷学习，日渐消瘦,加拿大,是,https://i2.hdslb.com/bfs/face/9dbb9d129c6d83ea4e64e0650dfdaea2bfc70be1.jpg
205,0,291719220417,1984454905,烟鬼TCS,6,男,但是感觉这些厂很容易开人吧,2026-03-01 07:09:03,6,99,"SO FAR SO GOOD
SO FAR SO GONE",宁夏,是,https://i1.hdslb.com/bfs/face/97290a8f6134dcefdaac482eb84a65ec629f9888.jpg
206,291719220417,294079019408,515200446,oy918,5,男,大公司都这样,2026-03-01 14:41:36,0,204,"可以
",上海,否,https://i0.hdslb.com/bfs/face/a40849e7c125d077a0359c09883fd770fb15cc86.jpg
207,291719220417,294270857936,442107801,我很聪明o-O,6,男,还好吧，感觉跳槽的更多,2026-03-03 05:32:08,0,83,,广东,否,https://i0.hdslb.com/bfs/face/dfbee9bb64b950a8de79dbfae5398b4df93a5c9c.jpg
208,291719220417,292364978433,294185278,Shine阿炜,6,保密,大厂跳出来直接在中小公司当老大,2026-03-07 09:31:08,0,50,,广东,否,https://i1.hdslb.com/bfs/face/937495575db35c56bcf9c92341a3f428a4ee2272.jpg
209,291719220417,292667433665,591880091,稗忌春化,6,保密,互联网公司开人绝大部分是因为没在公司给的成长期限内满足公司的要求，这个成长期限一般是35岁。,2026-03-10 11:07:09,0,26,玫瑰也吃面包吧,浙江,是,https://i2.hdslb.com/bfs/face/50a2c1444d1502a95c2e3cfd16cb18f34978d47c.jpg
210,291719220417,292866483265,349516951,唯唯诺诺的叶熏,6,男,少，大部分是自己走的,2026-03-12 14:26:32,0,5,快看，是大屁屁外星人,甘肃,是,http://i1.hdslb.com/bfs/face/ec15de635afd3d0456cd22ccbc2938dd7948418d.jpg
211,291719220417,293204899329,3546775925295972,密大图书馆管理员,4,保密,能进这些厂，再找其他工作也相对容易一些的,2026-03-16 00:17:56,0,3,密大历史系,江苏,否,https://i0.hdslb.com/bfs/face/32a6b56fa7b002056fc83c8564f136f4dbdfee8a.jpg
212,0,292488722945,71252477,bexue,6,女,综合下来感觉苹果除了食堂，是一个大众观点上福利待遇好工作强度正常的公司，企鹅的工作强度属于走大运了,2026-03-08 11:20:59,4,195,我愿以永远单身不结婚，换我心中所愿皆成,四川,否,https://i2.hdslb.com/bfs/face/e059d1bf224f6ac906ac8c64334ca73412540e67.jpg
213,292488722945,292488716225,71252477,bexue,6,女,总结大厂的福利待遇好，但其他地方基本拉满，门槛也高,2026-03-08 11:22:23,0,19,我愿以永远单身不结婚，换我心中所愿皆成,四川,否,https://i2.hdslb.com/bfs/face/e059d1bf224f6ac906ac8c64334ca73412540e67.jpg
214,292488722945,293140738161,20655358,团子书包,6,保密,4点跑路，无限wfh，哪里强度正常了。。我在AMD实习过也没这个wlb哈哈,2026-03-15 07:56:53,0,7,下周守望就上500强,上海,是,http://i1.hdslb.com/bfs/face/5a990420664be5bd1dad38fb2e6737c9ecd35ee3.jpg
215,293140738161,295568615216,1448532845,bili_114514191_9,6,男,回复 @团子书包 :细说，想给牢果投简历（,2026-03-15 07:59:15,0,0,"见到和自己意见不同的人就拉黑是一种无能的表现
批评我是你的权利，但人身攻击不是，不清楚这俩区别的还是洗洗睡吧",湖北,否,https://i2.hdslb.com/bfs/face/caaed2255059ef2080f85724bfdd3af4a70767a7.jpg
216,295568615216,293140992817,20655358,团子书包,6,保密,回复 @bili_114514191_9 :up这个视频里说的,2026-03-15 08:00:05,0,0,下周守望就上500强,上海,是,http://i1.hdslb.com/bfs/face/5a990420664be5bd1dad38fb2e6737c9ecd35ee3.jpg
217,0,294047369665,275715389,万時,5,保密,我也想去实习了,2026-03-24 13:05:23,3,1,,中国香港,是,https://i2.hdslb.com/bfs/face/6c9ab5acb1f92fbfa68ddd7dff48404966892c12.jpg
218,294047369665,294047619169,275715389,万時,5,保密,不行给我看急眼了我要去投简历,2026-03-24 13:08:11,0,1,,中国香港,是,https://i2.hdslb.com/bfs/face/6c9ab5acb1f92fbfa68ddd7dff48404966892c12.jpg
219,294047369665,296686815872,411020833,涵清欢大师,6,男,在香港直接报民青局的内地实习计划啊，再不济也还有个祖苗计划，哪还需要和内地学生竞争投简历。腾讯字节美团蚂蚁都有固定几十个名额给香港学生的，有港5随便进，有三大就别报中国企业直接报外企实习就行。,2026-03-25 21:35:30,0,1,。。。,中国香港,是,https://i1.hdslb.com/bfs/face/b5c67af1666e0870fb18a5945c915d7137bc8b12.jpg
220,296686815872,294196568865,275715389,万時,5,保密,回复 @涵清欢大师 :[给心心]好的，谢谢！,2026-03-26 04:18:12,0,1,,中国香港,是,https://i2.hdslb.com/bfs/face/6c9ab5acb1f92fbfa68ddd7dff48404966892c12.jpg
221,0,291667397281,23675162,未曾设想de道路,6,保密,这么看，公司文化和公司做出来的产品文化其实是高度统一的,2026-02-28 17:57:46,3,274,web of knowledge,河北,否,https://i2.hdslb.com/bfs/face/c59c82bf1a0b9cec7a98b34b5782481d0f9d602d.jpg
222,291667397281,294566733328,607509013,Hops_,6,保密,that&#39;s so called MANIFESTO,2026-03-05 17:11:45,0,25,这孩子，打小就聪明 ????,中国香港,是,https://i1.hdslb.com/bfs/face/85ec9d47bf393d95353c2c1e044dd48232561bba.jpg
223,291667397281,295061000032,1600766323,青风愿,4,保密,那你说这……我想知道网易是怎么回事？[doge_金箍],2026-03-10 10:48:50,0,11,,山东,否,https://i0.hdslb.com/bfs/face/member/noface.jpg
224,295061000032,295230430400,20360706,ZhyLancelot,6,男,回复 @青风愿 : 网易看部门,2026-03-12 05:50:52,0,8,猜猜我是谁⊙ω⊙,美国,是,https://i0.hdslb.com/bfs/face/c5c5edd45ca784aef0d42dfb784a26dfcdd1cb79.jpg
225,0,296283052672,1172297008,喜欢吃辣椒炒肉拌面_,5,男,"视频讲述了 UP 主从入职、食堂、工作强度、协作效率、公司文化五个维度，锐评自己在抖音、腾讯、苹果三家公司的实习体验，具体如下：
入职体验00:11：抖音入职流程简单无诚意；腾讯入职流程不规范，仅送企鹅公仔；苹果入职培训完善，分多场专项 session，人情味足。
食堂福利01:17：抖音 T2、T4 食堂菜多，早中晚全免费且无限量水果；腾讯北京总部菜多，早晚免费、午饭自费 15-20 元，额度可买点心；苹果早午饭自费，种类少含西餐，价格贵性价比低。
工作强度02:38：抖音入职即干活，驻场常 9-10 点下班，强度大；腾讯工作偏探索无 DDL，管理混乱，实习轻松；苹果出勤灵活，周一五居家，无强制工时，沟通强度高于干活强度。
协作效率03:54：抖音飞书好用但文档冗余，大公司病明显；腾讯企业微信体验差，文档更新慢，论坛较活跃；苹果用 Slack、WebEx 等第三方软件，鼓励沟通但需跨时区开会、频繁 1V1。
公司文化05:47：抖音文化偏螺丝钉模式，靠薪资福利弥补；腾讯人文关怀好，总部活动丰富、配套齐全；苹果尊重多元员工，福利完善，有心理与医疗服务、产品内部折扣。[脱单doge][脱单doge][脱单doge]",2026-03-22 03:09:19,0,3,掘金 https://juejin.cn/user/2276467567770442/posts,河南,否,https://i1.hdslb.com/bfs/face/8b525f51a53a5000da1ab70e94d1071b697a3062.jpg
226,0,294103211808,630692145,Koberry,6,保密,手机就是苹果,2026-03-01 19:47:23,6,23,,广东,是,https://i0.hdslb.com/bfs/face/c5cd2a2b166ed7e9e344ad10bc9336e779d95faa.jpg
227,294103211808,291862992321,2700789,精神小伙隆科多,6,保密,油车就是丰田,2026-03-02 12:01:19,0,27,,天津,否,https://i0.hdslb.com/bfs/face/2c5bef4ffb00be94b5027cc05909b9c0a9fec455.jpg
228,291862992321,291888642609,1966056162,椷金要鹿管,6,保密,回复 @精神小伙隆科多 :超市就是山姆,2026-03-02 15:40:26,0,21,,海南,是,https://i0.hdslb.com/bfs/face/456d9fa58b5a02a8e1df6eb8ff11916455a0c4b0.jpg
229,294103211808,291896133105,497148187,雅雅嘿嘿,5,保密,悠悠的户晨风～,2026-03-02 16:56:49,0,12,,江苏,否,https://i1.hdslb.com/bfs/face/231f76a8aa7d548de3c377112d9e12ebb5363f65.jpg
230,294103211808,291933337153,3546826940615489,-袋猫尼克young-,4,保密,电车救赎特斯拉,2026-03-03 04:34:55,0,5,想要做一些有意思的，杂食型游戏up正在进步中,湖南,否,https://i2.hdslb.com/bfs/face/259c15c0d5560ea56bdf3ce119acc5fe1f44fa0a.jpg
231,291933337153,292395957777,3493116063516683,墙根夜夜起青峰,4,保密,回复 @-袋猫尼克young- : 难绷美国红脖子不买户子买,2026-03-07 14:10:26,0,4,如果我们能够团结一条心.......,辽宁,否,https://i2.hdslb.com/bfs/face/b7234e6f9762753a19cb06cd38fdbf20c6601d77.jpg
232,292395957777,295060842560,1600766323,青风愿,4,保密,回复 @墙根夜夜起青峰 :人家红脖子看不上，人家要开大v8[笑哭][doge_金箍],2026-03-10 10:48:10,0,4,,山东,否,https://i0.hdslb.com/bfs/face/member/noface.jpg
233,0,293030254977,505524479,极の坐标,5,保密,请问工科生自动化专业实习适合去那些大厂啊,2026-03-14 08:16:55,4,14,,河南,否,https://i2.hdslb.com/bfs/face/5e425788b583b17fe0630ecb200a1886a3469de4.jpg
234,293030254977,293178644929,352404856,Casper_ZhuEJ,6,男,华为 大疆,2026-03-15 14:19:58,0,3,,上海,是,https://i1.hdslb.com/bfs/face/f13e9eca22feafbe88dcf3fc35e9a697b95d2582.jpg
235,293178644929,293236009873,505524479,极の坐标,5,保密,回复 @Casper_ZhuEJ :现在能源企业发展好吗，想着也许能往这个方向发展,2026-03-16 07:53:03,0,1,,河南,否,https://i2.hdslb.com/bfs/face/5e425788b583b17fe0630ecb200a1886a3469de4.jpg
236,293236009873,295811073840,22067755,早晚各一片,6,保密,回复 @极の坐标 :能源非常好，电气的能源:新能源，宁德，金风很牛，其他新能源:电池方向，化工企业，阳光电源，同上两个,2026-03-17 14:09:00,0,3,鹅怎么还不播,湖北,否,https://i1.hdslb.com/bfs/face/28aa21491a4551148f0eb9ee403d8f1c629d1093.jpg
237,295811073840,293528398625,505524479,极の坐标,5,保密,回复 @早晚各一片 :感觉宁德不错[给心心],2026-03-19 10:48:32,0,0,,河南,否,https://i2.hdslb.com/bfs/face/5e425788b583b17fe0630ecb200a1886a3469de4.jpg
238,0,296211812848,286661629,Jickerz,5,男,大厂实习需要什么条件么？,2026-03-21 11:22:57,2,1,,广东,否,https://i1.hdslb.com/bfs/face/f0eb2cde327a6880f98476378f3f59a9c7d1ce6a.jpg
239,296211812848,293777955617,476257874,哇哈whence,6,保密,互联网实习需要有互联网经验[大哭],2026-03-21 18:52:23,0,1,1tan√10,上海,否,https://i2.hdslb.com/bfs/face/def0adf94a3921b4e1806569b842a3de814ab839.jpg
240,293777955617,296271840064,286661629,Jickerz,5,男,回复 @哇哈whence :老哥，那硬件呢,2026-03-22 01:03:14,0,0,,广东,否,https://i1.hdslb.com/bfs/face/f0eb2cde327a6880f98476378f3f59a9c7d1ce6a.jpg
241,0,294563910336,100774209,海绵--沃--斯珍德帥,6,保密,总结：苹果19分，腾讯15，字节14（按权重分配）,2026-03-05 16:33:05,1,211,随缘更新，纯鸽子，咕咕( ˙˘˙ ),澳大利亚,否,https://i0.hdslb.com/bfs/face/13571309f9f0ec8a8ce684358d3bd24b33e6eb1a.webp
242,294563910336,296373866448,445280818,默言寡澹-马,6,保密,赞评离,2026-03-22 17:50:27,0,0,,广东,是,https://i1.hdslb.com/bfs/face/6aa161d703251cc5b9be055ecfe947bc9ace240c.webp
243,0,292785293953,478398463,涵哒哒哒哒哒,5,女,学历和实习薪资大概说一下[吃瓜],2026-03-11 16:00:35,3,19,商业合作请加微信GEM12348,河南,否,https://i1.hdslb.com/bfs/face/8bf9176799c656aaec14d693aa7191b178cf631e.jpg
244,292785293953,293336900625,9383869,头疼的Azreal,6,保密,都一万出头,2026-03-17 09:44:29,0,3,..,广东,否,http://i2.hdslb.com/bfs/face/bfbf6d7aad38cfd26a745499ab6557d94eba071b.jpg
245,292785293953,293348828801,3493288105479061,没机会了吧,5,保密,上交的,2026-03-17 11:50:49,0,7,,辽宁,否,https://i1.hdslb.com/bfs/face/4c8593ab74b60608b2b8c4e299dbdf8f02b9cb5f.jpg
246,292785293953,295983026096,1976617808,aidndmkeis,5,男,看岗位，大部分400-600一天,2026-03-19 08:54:09,0,1,,江苏,否,https://i2.hdslb.com/bfs/face/3b511061053ad341b8d608e3e60235b3faa9fc5e.jpg
247,0,296509279088,17644920,弗兰德尔-深红,6,保密,"鹅厂的食堂……想吃够蛋白质有点难，肉菜里混了很多素，比如一个蒜苗炒肉，里面肉没几片全是蒜苗[Mygo表情包_溜了溜了]
我吃了一段时间就自己带鸡蛋或者吃外卖了。[Mygo表情包_抹茶芭菲]",2026-03-24 05:29:07,0,4,业余搬运者，不会翻译做字幕，每天最多搬运5个，黎姐万岁。也可能自己做视频，啥区都不混/啥区都混。薛定谔的鸽子。,广东,否,https://i0.hdslb.com/bfs/face/fbe530554c9b6fb23ba412c78547dd0d138ce5ab.jpg
248,0,293607713361,477337567,日下卡卡,6,女,误闯天家,2026-03-20 07:57:54,0,8,没有夜宵的夜好冷好漫长好饿,上海,是,https://i1.hdslb.com/bfs/face/84c0090b528af0cb7881113352c58b036aaf5def.jpg
249,0,295907117344,229564440,保持面部平整,6,保密,我也是一周只去三天办公室,2026-03-18 13:16:54,0,12,,加拿大,否,https://i0.hdslb.com/bfs/face/e6f7f9c5a389ab73456b7adcfe7e91fd308e07aa.jpg
250,0,296335718848,88040914,麻吉困,6,男,211+qs前一百商科英硕 都能面哪些啊[蛆音娘_哭泣],2026-03-22 11:24:06,0,2,你都来查成分了，我为什么不顺从你呢？,江苏,是,https://i1.hdslb.com/bfs/face/b703b6747dfe224662921c8d0c2474a354e744f5.jpg
251,0,296434115776,1322055549,歌谷爱墨迹,6,保密,UP主加油！看好你噢~,2026-03-23 10:35:48,0,0,"主页有露娜安可7小时歌切
沉淀中",未知,否,https://i0.hdslb.com/bfs/face/0f73d53b262c6515bddd2e2b16693fe7d427764d.jpg
252,0,293414726753,20888529,念不难,6,保密,我也想这么幽默的方式来说公司不好的那一面。[笑哭],2026-03-18 06:04:22,0,11,"一个臭听歌的，随缘更新，摆烂区up主
好想回到刚认识bilibili的时候",安徽,否,https://i0.hdslb.com/bfs/face/76c8af97a978e3d817fd29512167933124bd96bc.jpg
253,0,296427603904,86689043,荷夜无月,6,保密,还得是c9啊,2026-03-23 09:28:21,0,2,请准备完整的论证链来表达观点,江西,否,https://i2.hdslb.com/bfs/face/dc66b16102a4cfa2825c918ccec59c5708996dc9.jpg
254,0,293870296929,3546771305269271,荔枝不是立志1,3,保密,总结：苹果牛逼,2026-03-22 14:57:07,0,4,,河北,否,https://i2.hdslb.com/bfs/face/dd9854e425d54d2ba23107ca1b57258af0c708c9.jpg
255,0,294337731360,11518702,虎纹咸鱼_,6,男,苹果的实习是在苹果官网找的吗,2026-03-03 15:05:02,1,52,"thx, today's tragedy, comedy of tomorrow",广东,否,https://i1.hdslb.com/bfs/face/acb35295e4f31c5df42b56fda3c81ac89b579fc1.jpg
256,294337731360,294485227904,2023264043,可咸可甜可拐走,5,男,是的,2026-03-05 02:10:42,0,11,励志在B站做一名出色的up主！,江苏,否,https://i2.hdslb.com/bfs/face/932541ffa220603320a48695a32b9f1e1ccf5b4f.webp
257,0,293398184657,286999554,是贞德吖,6,男,ppt领域大神,2026-03-18 02:36:06,0,29,你想看什么？,上海,否,https://i0.hdslb.com/bfs/face/59c6d1693507f21dda4d438501aafb4f3269c86d.jpg
258,0,294423068400,351559913,吐司機器人,6,男,Kobe是哪家？,2026-03-04 11:05:26,2,21,粉饰的个性全然无用,广东,否,https://i2.hdslb.com/bfs/face/b30af2e8a225e6b29413ca72003c7a7e6d85759a.jpg
259,294423068400,292343826481,319506488,Mr-Livermore,6,保密,洛杉矶湖人[笑哭],2026-03-07 05:38:48,0,29,,海南,否,https://i2.hdslb.com/bfs/face/144fa5ee4c14111380a9801c3a1a975826ca7147.jpg
260,292343826481,294938720096,59418320,前进四嗯冲,6,男,回复 @Mr-Livermore : [笑哭],2026-03-09 05:03:03,0,1,,上海,是,https://i2.hdslb.com/bfs/face/43f7cae3f13ce73c9bbbd2a052be778d0b831d08.jpg
261,0,293166097153,1339775372,lsjjm,5,男,字节实习当正式工用,2026-03-15 12:16:17,0,43,,江苏,否,https://i2.hdslb.com/bfs/face/2c1ce82f4bc0853252b49b91ecc66fe2a782384d.jpg
262,0,296163838592,1831815,Fylla,6,保密,没想到苹果国内分部也被同化了啊，这也太拉了,2026-03-21 03:24:55,0,2,我们不但善于破坏一个旧世界，我们还将善于建设一个新世界。,加拿大,否,https://i0.hdslb.com/bfs/face/member/noface.jpg
263,0,293596553281,2106608457,嫩的小迭,5,男,强强,2026-03-20 05:21:53,0,2,神友给我滚蛋,美国,是,https://i0.hdslb.com/bfs/face/9c4b460f371adca439a49cb52c218a62df80d444.jpg
264,0,291876562609,7861789,PatrickBetaman,6,男,国内大部分大厂都是这三个公司加起来平均一下，但是工作强度拉满,2026-03-02 13:58:38,0,32,救救孩子,日本,是,http://i1.hdslb.com/bfs/face/ac0496bad7b06e15bd31ce7b510bfd843177bcc5.jpg
265,0,292862829281,1589540561,伊织爱吃葡萄干的兔子,4,保密,有鹅选鹅,2026-03-12 13:50:38,0,9,重新当个二次元,新加坡,否,https://i2.hdslb.com/bfs/face/7b0bd7cf20560fe6c348c0c6a1ca8320b776fe42.jpg
266,0,295737381296,497392405,little帅丶,5,男,第一排是坐牢登记啊,2026-03-16 23:34:00,0,2,,湖北,是,https://i1.hdslb.com/bfs/face/3c69d4479fc41308ed1a3671ba53ba59dbcd9fa0.jpg
267,0,295032421152,22720247,西西伯利亚的针叶林,6,保密,有没有薪资排行,2026-03-10 04:47:16,0,10,发家致富学技术,四川,否,https://i2.hdslb.com/bfs/face/b45a2d93fa11e75615cc447c45abd435d7f7b961.jpg
268,0,294966056320,7455411,NomKiir,6,女,外企[笑哭],2026-03-09 10:54:10,1,4,,广东,是,https://i0.hdslb.com/bfs/face/03b1b26b1ac50a6df31b375752a49479498714e7.jpg
269,294966056320,292629842993,498843972,藍毛不是败犬,6,男,那叫国际大企业，去美国本土企业的福利待遇可没这么好,2026-03-10 02:45:16,0,22,Σ(っ °Д °;)っ,江苏,是,https://i0.hdslb.com/bfs/face/0906f3227e8289f384979985a11f116ed47fb07c.jpg
270,0,293017744097,159499363,泪落孤枕,6,男,@拓武taf,2026-03-14 05:53:31,0,1,总有一个人记得她为你战斗，那她永远不会感到孤独,江苏,否,https://i1.hdslb.com/bfs/face/9659e02a1166ba3d98bb75f81f26752aa990ce63.jpg
271,0,295486184944,356368549,彩狸东菊下,6,男,咋去苹果的,2026-03-14 13:39:00,0,0,I WILL GO TO THE GREAT LENGTH TO ACHIEVE IT,中国香港,否,https://i1.hdslb.com/bfs/face/641b0aa0281c59c57ff593e6f3314738e0d23cd0.jpg
272,0,292485859713,3494367780145757,初来乍到来学习,5,保密,像我这种小地方，实习都找不出公司。,2026-03-08 10:52:01,0,13,,山西,是,https://i2.hdslb.com/bfs/face/e2e0a818f47cc6252c241edc63924bd72e453d02.jpg
273,0,296345079280,289618104,寻坷,6,男,11,2026-03-22 12:50:36,0,0,卡哇伊,未知,是,https://i0.hdslb.com/bfs/face/847e39883f04bd5fa54f96bb4411877212a10ec0.jpg
274,0,294164745760,40026612,轻抚音浊化,6,男,网易的饭真好吃，一周能每天每顿都吃的不重样还好吃,2026-03-02 10:06:06,0,20,,河南,是,https://i0.hdslb.com/bfs/face/f7f4f630a0521557238a0447bac96b2d3c90627d.jpg
275,0,294238521616,437472624,登吴只扑方,5,保密,人中龙凤了属于是,2026-03-03 00:13:34,0,48,ⓘ 该账号已被封禁  ,山东,否,https://i0.hdslb.com/bfs/face/905dc8a59a9f37ad24a4f416613791f68597fcd8.jpg
276,0,291996389249,3493135000800090,小伊诺-院长,5,保密,在互联网可以见到各种各样的人[脸红],2026-03-03 14:28:53,0,47,,浙江,否,https://i0.hdslb.com/bfs/face/055d1e948c12bce36c4040d1286041872c160c89.jpg
277,0,292296140897,493293861,Y神uzk,4,保密,很有干货啊，up夯爆了,2026-03-06 15:42:38,0,4,,广东,否,https://i0.hdslb.com/bfs/face/member/noface.jpg
278,0,294041398400,432356540,不可能堕落de,5,男,问问主包实习什么岗位,2026-03-01 09:30:38,0,6,不再低调,陕西,否,https://i2.hdslb.com/bfs/face/cf5c686435086ae38538a30d331855374bd7b42e.jpg
279,0,294822351424,485722701,Celin7,5,女,UP主加油！看好你噢~,2026-03-08 03:27:43,0,3,,未知,否,https://i0.hdslb.com/bfs/face/0585138ab7f18155d356281d24c1e80e40b94c61.jpg
280,0,291921751937,351499497,三更烟火四更衣,6,男,赞一个很贴合实际的吐槽[笑哭],2026-03-03 02:38:54,0,6,追逐了那么久的太阳，却忘了月亮也是独一无二,河南,否,https://i0.hdslb.com/bfs/face/adb1acfa5d45d72a2acc40e7011d2f7f17a7f3c2.jpg
281,0,292333978817,42463169,我手滑了v,6,保密,摸高投篮，那不就是25年暑期实习吗[doge_金箍],2026-03-07 03:59:39,0,4,噗嗤噗嗤,陕西,否,https://i2.hdslb.com/bfs/face/38f6605f1594facd8febe0873295220fa0b77f7e.jpg
282,0,296496739120,177850043,Nowsspring,6,保密,@JustinPiber@江畔柳前堤FQ@FU1111111123@Vincent搁浅@Laurent7777,2026-03-24 03:10:06,2,0,小人鱼把阳光抹成眼影，投入泡沫的怀抱,广东,是,https://i2.hdslb.com/bfs/face/4127e11f976ceff5ae049b52385bdda5b2cfc2d4.jpg
283,296496739120,293998796289,356726885,江畔柳前堤FQ,6,女,能去这几个公司实习已经不简单了,2026-03-24 03:26:23,0,0,,广东,是,https://i2.hdslb.com/bfs/face/4aaf1759fb179a92c9546200d1e7da7e9963f4cc.jpg
284,296496739120,296500180304,391605925,FU1111111123,5,保密,播了一半我才意识到你用的是ppt,2026-03-24 03:52:18,0,0,,广东,否,https://i1.hdslb.com/bfs/face/9808a6365ddbcbdb4b32971d3a4af307cae48c63.jpg
285,0,293954020560,697239035,小星兴,5,女,我趣，大佬[星星眼],2026-02-28 15:07:03,0,8,永远相信美好的事情即将发生,广东,否,https://i2.hdslb.com/bfs/face/c4b1c6ebcde816d00046bc5200e237dc785ce1e1.jpg
286,0,291678683249,1259715493,振风也是新手,5,男,这么厉害 能进这几家公司,2026-03-01 00:06:40,0,7,快来关注振风,安徽,否,https://i1.hdslb.com/bfs/face/8c6594273583e50672d4c85f24a075d90a1025b5.jpg
287,0,292011235041,13376077,蓝天地韵,6,男,好厉害[笑哭],2026-03-03 16:53:37,0,5,……,福建,否,https://i1.hdslb.com/bfs/face/20d6221021e8cb4a86847e4a3ba53ff31b9b1d55.jpg
288,0,292339795617,5507563,HavocLx,6,男,羡慕[委屈],2026-03-07 04:55:52,0,1,家境贫寒,山东,否,http://i1.hdslb.com/bfs/face/5d1c3bbd9518c87fd55e5e9ad8dbcb9be31e1262.jpg
289,0,291910999601,16595396,snowyunyu,6,男,中科什么水平,2026-03-03 00:04:24,0,2,cinderella,澳大利亚,是,https://i2.hdslb.com/bfs/face/1b38bbb3c54950333a3aa41479ae3822e04be6dd.jpg
290,0,294237167104,3690975377492544,暂时使用996,3,保密,不简单啊[doge],2026-03-02 23:51:12,0,3,,江苏,否,https://i0.hdslb.com/bfs/face/member/noface.jpg
291,0,294231411152,178731637,我是渣渣渣晖,6,保密,太强了,2026-03-02 21:09:04,0,2,这个人是条懒狗，什么都没有留下,江西,是,https://i1.hdslb.com/bfs/face/a81f2d71fecc00742bafa0111adb78658f0faf9c.jpg
292,0,291881615873,242162555,小咖啡23,6,保密,up是啥岗位啊,2026-03-02 14:41:02,0,3,,新加坡,否,https://i2.hdslb.com/bfs/face/1eeb830e0c13ac5564beaa9401bdf3fdf35fcb5c.jpg
293,0,294196973344,1611543916,路过强势围观,3,保密,我去，大佬,2026-03-02 14:13:38,0,3,,湖北,否,https://i0.hdslb.com/bfs/face/member/noface.jpg
294,0,291902909041,37153597,不是水怪,6,男,@不是rxy啊,2026-03-02 18:52:03,1,2,边ka边想,安徽,否,https://i1.hdslb.com/bfs/face/8bbb33b3570aa1647e119bd8762d5c911af2f6c5.jpg
295,291902909041,291911145713,497299760,不是rxy啊,6,男,苹果公司，苹果人,2026-03-03 00:05:34,0,0,,安徽,是,https://i2.hdslb.com/bfs/face/56da851b813ef597f0a336f70717407a287976b8.jpg
296,0,295051809472,18171310,丨遥彼方丨,6,男,@鸡腻肽霉@二9C@海绵宝宝maps,2026-03-10 09:09:32,0,1,Tobeaknightistobethenoblelightthatilluminatestheland,山东,否,https://i1.hdslb.com/bfs/face/dca6776eccdd0c7d96789c56ad336bdaa0682086.jpg
297,0,294216595152,7331338,枫希叶洛,6,保密,UP主加油！看好你噢~,2026-03-02 16:49:44,0,1,,未知,否,https://i1.hdslb.com/bfs/face/c95deea00d229224deb8be2406bfbd547e226018.jpg
298,0,292664016049,948468,六世壊他化自在天,6,保密,哥们你是真顶,2026-03-10 10:29:22,0,4,得鹿者梦鱼 得鱼者慕麋,河南,是,https://i0.hdslb.com/bfs/face/7d1510635799c579184547ef5b7ab48e5a4269d5.jpg
299,0,291737158689,509700573,私の一生不变の信仰,5,保密,啥部门啊,2026-03-01 10:03:38,0,0,好好学习，天天向上！,广东,否,https://i0.hdslb.com/bfs/face/84b13711a2542dd1112e442f5c0169c9f2802aaf.jpg
300,0,296343167792,23276026,田鸡小盆友,6,保密,看到了吗，IEG工作室的黑奴累死累活加班，就是为了让这些beyond哥们5点下班狠狠享受的。也不知道做出来了啥，llm拉完了，短视频做不明白，倒是阳光腾讯一个接一个的上[星瞳·动态表情包_大头大眼][星瞳·动态表情包_大头大眼],2026-03-22 12:32:49,1,5,小魔星也是小星星！,四川,是,https://i1.hdslb.com/bfs/face/e6536fa516333d8050cefc4778dfd96477ca1194.jpg
301,296343167792,294106066209,286246782,穗乃妮可果,6,女,IEG 典中典项目堆量就开始 10106 强度嗯造啊，临着大版本测试或者上线更是,2026-03-25 05:22:16,0,1,,广东,是,https://i0.hdslb.com/bfs/face/f477d2de0896428d4b539c9ac8e6b9e40c975e0d.jpg
302,0,296557837376,12918800,黑加仑不吃醋,6,男,哥们不对劲吧，我当时进腾讯的时候 还是个社招一线岗，都要培训两周， 被带训一周，还有班主任，别闹了，你不会连开机需要录屏都不知道吧,2026-03-24 14:25:03,0,0,,上海,是,https://i2.hdslb.com/bfs/face/2ed4f5b359ee978eb6be433b565949fe5bfd6559.jpg
303,0,292671213249,4380672,戴眼镜的小跳蛙,6,男,拿苹果比来比去当心被封,2026-03-10 11:46:50,0,4,是这么着还是那么着,广东,是,https://i0.hdslb.com/bfs/face/8a362bf4f4776d68c9df804cc231b4101145a32f.jpg
304,0,294191124000,1491172110,区区陨石而已,5,男,你的声音好像无我啊,2026-03-02 13:29:28,2,2,,福建,是,https://i0.hdslb.com/bfs/face/3128992669fb5df1b32a3494df9e3a8c7f38657f.jpg
305,294191124000,294608175648,100029646,Starry瑞瑞要上进,6,保密,曹美吗？,2026-03-06 06:39:07,0,0,欲买桂花同载酒丨ENFP丨Game,浙江,是,https://i1.hdslb.com/bfs/face/83e72bbd1df69cf84368ba05fb89186cc475564f.jpg
306,294608175648,294665003776,1491172110,区区陨石而已,5,男,回复 @Starry瑞瑞要上进 :对,2026-03-06 15:46:03,0,0,,福建,是,https://i0.hdslb.com/bfs/face/3128992669fb5df1b32a3494df9e3a8c7f38657f.jpg
307,0,296364423936,3690971176896640,实测对比官,3,保密,视频的画面制作很用心，画质清晰，素材搭配合理，让内容更生动，很吸引人。?,2026-03-22 15:53:59,0,0,,青海,否,https://i1.hdslb.com/bfs/face/bdf4b65b49fe0d2683e88a14cc5e1b8da56d518d.jpg
308,0,293148787601,442631993,挥风招月来,6,男,神秘pptv制作视频,2026-03-15 09:25:36,0,1,望舒,江苏,是,https://i2.hdslb.com/bfs/face/7ccdd5c59b752d5952c559be3d82beb3293f3e57.jpg
309,0,294146625136,274316711,真的很不搭,6,保密,UP主加油！看好你噢~,2026-03-02 07:08:45,0,1,德丽莎世界第一可爱,未知,否,https://i2.hdslb.com/bfs/face/e3751e52ac805036d12721c3fad10e30efce4143.jpg
310,0,293963592048,52820726,Casanoooo,6,男,太强了,2026-02-28 16:31:23,0,0,Trading&Tech,广东,是,https://i2.hdslb.com/bfs/face/95f780de2d509aad3b8e474502b5865cb16a68d0.jpg
